id:ID,otype:INT64,version:INT64,time:INT64,payload:STRING
0,6,7,971002753,pp15sk2ovqtpgx3y5ccrekbszb9vvopjtt03y5zix54lf66kel7odvf85sc1tzkb
1,1,5,120016565,f39yuqw43dxhp5y71eg02nd8vd44al0vxrq9xb46nfwvgd9oruy08rhhdoilisvc
2,5,0,661931039,bdox0vt6i3t3jish3ik5kf7af01km4pncppa5lbem72lqepyl37kcl05of9dknpe
3,5,4,673862975,cr9cfohzxd05b3czmavu7corm70bwhlrgmque68upit1pi78hq4endr30gpslabh
4,3,6,494379043,hll2j1xvzqktcmqp1fgcjqwlp86nqzrs4rvnc02y6c0om3yfchp492y9fz20rdnp
5,1,8,938013101,utafce3it6y4b9vjq8y6qqouk2rq7j31hbtel2xpq2y5rrmrmoyaiycdq68pgv4j
6,2,7,328268807,4po1685bkdpdeaj87hifuy1mcghr439xj0dro45xgkiq9iunthdjxix82d2nhmhv
7,9,3,642274678,ya9ntbfbrarfgukjg51f3090wjz8uj35ynudndxnap9k260luziqbx017fnguy2e
8,7,4,747114213,diq10godgbg2extoxgoljxtoswaacoj9yn594b3vfhwnb1y0u3i00lfiwwl86cys
9,8,1,139316186,gkqgz7h7b4guuf6qsi9pdkxzvjt8lvlpwv6stn2flehbhe108uzxfl970fbngs3h
10,8,3,927975227,tnw7tnjagj2b9lc6bfuznjp6zvjciuil0855nxijdxyr5nj6aj2wavx1wo9aot0i
11,6,6,261262393,2moan25bfkzz30nmylhxtr62rabh1zlfoekczdc41c8g90b6ngiw5jznvi161z2n
12,2,4,354383804,crxwxk5j7ot3pqftxidno99d07t7bzolr4eas27oqv7oavbcmuw6dtcqbfugn21f
13,3,5,261814835,gancfipjeqxy9oak1ard5schst437jsuz8qhca9mkqeopbzm6rnzauv7hchnkph6
14,2,3,170828798,7ziaq0kx3thwob4erfyr5sw5nfa3imv1zvdr7hpz968flhmvvr2i3435kj6qekei
15,3,0,867681663,uglvud5ss21ubx8wrc4f1etpxmzln6sjleyfxx5fgyur1s3ggwag4zt7e2jydln3
16,4,4,423755912,gkb9ee2zwa4uh26shj0l3lekb8sfyjyk1nxmh21mv53r07fpnl0vj5ncpegkb207
17,7,6,367370745,nl1w1zimmgtbl2yphe4po2n6tv7auetps4uyyr4ooly0z74mbd27i9yw3pnhfch0
18,9,9,816233539,ub803sqvw7rj89rimhl5sbe5lvuzx5x5dz7dhdvnq7bz1a7ghj48muu1uetmh99q
19,1,0,369795309,52bwwdvsx93mc4w9i36aq6zib9k4w5puwv0ubtsckdeujda5n9ffh8dur294wz5s
20,8,5,88841023,dq4ek7njmuknbfc2bt75chvuvf443ssviealokmv0eesjpij7jkixf0zyz3xfh20
21,8,7,711317181,j0xv5u5mody5ksvj5c8qfqc7pn2byt008dge2pcnaysqsb2sif01quob8ds9whz9
22,2,1,917138117,v52nsn9qj3hzlj8yyit1x5uck0y2vamzva74t564xl7am0hnhhdoc8bm7c98wn1m
23,4,0,853077021,gt1ie3idk2age8glehk5fldubv57kt8c4a6th0useepc449k09iib1ykxqhuyub6
24,10,3,755094143,zzj8shxpwj4otwra2mwkrvffuvjvivihakzcx5m1rvy2fclxm5syskhzfwub8oxq
25,4,5,262485491,ub02ukjukxcikibb9lny72fvynm1e7ik5y05w4bj6ckaic81w4lffk6tvncluptd
26,1,4,16910702,rsuokmvvs7rccvabsasg49w9skycti0dmitjetwbcwck1f7r29zg12kuwxzc3uk8
27,6,5,535602410,58r3vouc3lm86ik1djvvnp9qr0k6txhnothcquj6wzo3zts32v7k1vpmkok1g0qc
28,10,4,514321081,dvsq84occbpks7dbwings8920dkit6zkh2lya6354zom1kcsx04l8r0kkf7970rt
29,3,1,620093104,tb7x3qjejn5g430bh4xpx89k8xwxu5u1ijsyyltrgvcvcncu56f0gfd25kcq2rus
30,5,8,287806852,2688e7e1rmkctbdifsvlrqul6l64n42bl6pi41vvzibct8lpydam0m5l9lc6v3km
31,1,3,18582453,cf9sjcntacmwd6tsp0kd2jdisqzdg57w3dkb27v1qcpzjf7mzwph2htwwkpo4nao
32,9,9,630377537,w09896ls0luvjh8wsu2nbm2cduuq5nea89kgdbqzo2voif9tw6ctvnp3yq5t0qh6
33,1,5,33063495,7qf8w99y43ho2ts17cw8z4hhwmtt7u2ft0lur9j9k4mcigfhep3aowms5klylv89
34,4,9,563650455,eicl3ifpqoe78mwyxewlqe21p1kta873nyq9022op4if6te5no48u66jwfu94iar
35,2,3,752267038,pec44r6fg795joxex68ydcxui8w0e867bos7nwlwgo82dgfatd3hpkkhi97dguxa
36,4,6,865628616,gmwwwtj394u38skc2kt7xccc99iplhknpsmu5lu9uzev57byckhf1rc22fk0jofx
37,3,3,706423011,ygncopupqvccn9fij1ucwcg3z9soq2hgexz2iprykai0e3gnib129dcd51uk0419
38,7,3,127165006,i9260lwzcde9vki2n8larld2x3brydf2a0q6l4bp3rs7wvkw789yp1q6hijahwsq
39,2,3,458685137,ow8dfq1idwjso8vtojf3h51l8xo8ln8yf7wnpek18vbno3j2gx9mwy9oyjdkgkz8
40,9,2,439308154,da5ssky1esckdsyk41691m0myrxsiummmvb21z4ycnm8t0rh5yerh1xz6g9ohzxy
41,7,2,675502599,oj8xy0giyygmc8vhm27xhq81306j6c2lwgrkx43fcidi8vhdiee1gbsz8fyw9g5w
42,8,9,223071162,qoe62h3v4sx8wfsdtifdbqa78n0nou940z1bqryzhfazep1wvdjypdfptiuu7cbz
43,2,9,271436712,op95ydnbhbihk2l4mnn1rkh7ev38ntdmt1zpd8zzo4meg8unjma3kxrbylscc38a
44,3,6,185173558,jjo52phe6n7ml1zywsc3zz9b4nblx0nhkwij38t4ov3u4zdxj5chils5ck56pg27
45,3,0,903803998,2pxu9hmudzk3qe8s2rqntc0g6b7xegpsnqahwaxbjj4vgdpkqc5ik6it55drlwtq
46,4,9,248112421,bi2ggg4pca8m2l8nyr2iecwd6vum0sc627vzfo3rodovuapg3n46yzst4c79iquv
47,8,4,133811632,ue5bturok1dsaw12jyt6b42oicrgkmgi6lzm9xk5ledt6ao450q53l486voi8fr1
48,8,6,522051598,cbyc2pijftcsbx88y9wzej5q5o1upffkwsduodtc4ear4priphyoz4nlxthuw9n7
49,6,4,177284190,4tc4m5fomfahrrp9g8zh7nczyh3zqh05h6a8ebjysabz3rpcakukqgbbzg3figf9
50,4,4,447692889,oxerpw1vf8qkiwm39tvjy6smn9crm7uum7glse7r5lgd547s53vxz2ma3g7y6yaj
51,1,0,544536542,in43o2fwf8o6fgycmgjt4wp6itypwrxhu2lx8l963abai2l9gjjdo7wersfmop5m
52,2,5,658794477,ejur54yrfq6i6ojgadsefq98pghdue77tqkv5mp8czr3hwcyyl8yedc7jppj70x7
53,9,0,758106348,t3hmy57la1chyymld2vgbn8r5gticbv2i4if7jzldpgvrvxtta0jjnf3vimp99jj
54,9,0,127039169,jmzdia6yaqxr9g3nbmkcz1qd2cgzollftzvoi0kc15hx9w3grgiagbi1f497lhwu
55,7,3,291410092,fuvqvzzloiin9bduio5y6szw6208cv32fhgjlmy5y3qa0gvldz1akqkmiwvqhtnv
56,8,6,981743742,967ejxienc9pat4f7mlxclsc4k4xgtstbpnv4hkh2ds45ae73xlehvpc0n7qrd9n
57,8,9,617156179,6ikjoif9jtofdepqakmaj6jsgn3fkp0y9mk8h28b07iey6se0ez62ayajg07ouuj
58,5,7,945209608,efl7m84g6l98t909c2ag6gldnuyza58enefox5ru71rt1bj32yg0jpssyua7gzp9
59,10,6,134346423,kj71rzthglql4lsc4lcrccdssw2oy2t3w21u4thqa2f0sipty2h9ltbyi10rto9h
60,7,5,703487382,iwwjf8icob5mmog60cb5jdaz842brpaxm2pb4a9vtsghq82nc2i492ewyeqb5nzj
61,10,4,768106927,jxkias3k0wihjzlzd89kgvjqjoxq7uactmrjfps1vzhv7sjzc4ay917ewdye50jl
62,10,5,72082723,sbn54fk9etxfgermlkmv29l3owgq5v7p1knoswa8255tn0r1njz1udrs46mbmssp
63,6,1,599313864,l2unn9qm8ixt0mhwbxjjeyujhhiph8o9xyak9uydn0sn2zqr5hbebt65te5xwt8c
64,5,1,557361516,xc68odo1igr9sxr3ejw1qi0lgworituxabr1d9cfzsf329i2kkqghoiay6865q5x
65,1,3,610162414,0w75k8chrrdnq8r78xgitp613cwhgdjfw7ujx0cjg1yd6rx4p686w6mwvlud6lpz
66,6,3,466878209,4izhn0zj8spgni7vsregz5vgwk0rmqt9pbsm2n881toq1ce22b6qvv2u4ifwkxro
67,2,9,669339805,82jex8b48ucfbduxv5sn2zpb68puvhtzit8p66kkw8b4sjl0kin8fam1eoqtbf9n
68,8,7,894053125,58u82av77v7l51x4nmdhz0vy10ldbsqqzq8ajyomho07mnl04mti7lwom86fk55b
69,3,9,904213146,0tradbdy3omct7trk04d987nsbchsgnjtogfgyn8b2bkdd3bbja6724xd3blvoau
70,7,1,386994027,lkyr7nat4jxf3rbl68dudphy9vxp2ge61hf9mtjvw34r6hlx0ufjdol4mn3x2ut4
71,7,3,139781900,hhaczav90gcyljzlsuwe2mf2n0lgqf68cm5fflbui6bcmwkqrqtjcz1jzcsqqcxl
72,4,3,420362263,lw6krpp8oip2ggz9n7v8rho9l6sr2ywfqlkr7xr4evrppys0ujw3dufkgxp25zqb
73,1,9,671798648,s5yqzlz7p9fsrug6wpqjr3hqyfohrlsn2z1051w1gvkrwfnxibftiypmzl36eqrb
74,6,6,656313992,sz8e0hkx17bqnogx6vrlyaf3ymikmh7349fpudcir8efx87t9l3adqulj7i541oo
75,9,8,299241325,yfsb9kh0eal2ej1d0m1770j5e47ef5cbrkbbbup1byqz8xjlsj09eo1gdizq83d9
76,10,5,524135881,ckwtdi4vb98bpa19hq9sg88gtkbjfc4abepp37p27b4887984cihc7gvrxbq9q0g
77,2,0,902505634,cuoz81ygojib2nddbxd31mozdy8r0tb00o7klfdlhhkw883r3ykgkxtnf4qq9vxa
78,2,0,252687628,rvsb4vyekwlgczq5okkgdmdgvngp9mqatfvyjhl2msfrh07fbfx5yp5iubnxc3nc
79,7,0,841279035,uvt4e3yqecqewmm07dfb8r7s9vpvb1n6vivwbiiw5sivyfonzlzafy2kg9tl432y
80,1,3,657595780,dmnf8lp1zbgi0rpmeocpkcah3cx2xqvt52ql9e2w1hx7lcqean7wc5yuf8ip6fm8
81,5,5,779736539,lu1vxiadt79tg7dmt40lbynweil41mc2dya8aui76zp6b8jgatpp7kh6bh6pbtrp
82,2,2,863219269,255h2t9bb7mhphrphjmgbdji3t1pkkskdd72o5gwwmbt45wej24d44bycg3zw8lb
83,3,6,637892514,0pp7d3l5fhv1asskt0q7uqf0licpw4eh9opd21dgt02w38xuvr7e5calkd1vzhhd
84,6,5,335349350,tswsqxtt87u9gka85o6cqla30khd8c2lei7vfzg1hwf5jmftr2wgg2dy5e21jj13
85,4,8,840300573,ey497di10t7xmmlioh5uo6behrmxyoekfcrpnefmo83ms09n6xwunx9dbdz19j01
86,7,2,17474906,0z6wmmmmsxcmwkofuav39s59aoc4rhrmj4isvqlj0npsd2tq1tt5z9xask13mj8k
87,4,2,26305528,6jgqbwln7k1d9m1uoxc86eyglolg1mj6d62es6m7cj74y9y3fku231q9y5xe3p1m
88,5,0,602030760,3f4ouivoj76p8xarobc7zzah2wfknsraatlxh29azjzl8lm6iput0fcrdpmrgpnn
89,8,0,503839867,n37pp72buu8thm1b085bir3hxw45i531ojijjkoli7g8o1skqqtexyh8jb2mg5vz
90,8,8,215246603,oi14rnpd3wtbnjsrtwduvcrpaxnpbszwpy8j19on0yp4swhkay2uatd10kayruv1
91,5,6,860956180,akev53epi2au5xmvqsc64j1k6vfg810j1kcash6sf7m19e31o3swuqilscy48b7i
92,5,2,243184101,ia5pm2uadi4o96pzobujc9uqqye087xkei9teoxfh11k23yivllvhvfact6y14z8
93,2,4,678280455,8uta2zig6oguiepqp6jmkyxpkjnv8d3o5a2ffw5eovg3ru5uqd4v8zeyclklx4bp
94,2,1,554262093,e1w6p2r2q7icam60cmm0az1a4p0hlltfrtbg8zac3ri9xyymwkoek9eyfvzd9gja
95,1,3,742541599,vzssq3zswwaid1o61eq2jmk2r1e3i7ltjaayxb14wdm8b9v8h6yoa03qbtvc55jk
96,4,4,907146918,d2afcccz4svyoboecz7gvu0en7hha9n4cja0xhajr3cp7iyfm8g3ohgmjzs9kvl5
97,6,8,259164942,0r9b57hlhsfdwvyvqo90widop25xpii9urkw9h9cxw8mv7xzrmqcbsaxpa6thieb
98,4,7,726354105,07xc0j862i898lw2ypr4xi83o78tbq68ozjkg6evc536ci6mj9p7bjlwkh32an4c
99,1,5,288597103,c2v5zj4fs1i1dwlqky8uu2cn6pxcfo02jfvchcnvfal14lvslt7wo7krnmrije3d
100,6,7,3686753,ml3rf4ewal59l4yimj7x10o2ryezhlgu3eswa8slyq3ivxax1ht633av3k6ihi0m
101,1,2,940021903,rps0vfqr3wope4kcc4l6hleon6ctmkqh69osal0cwigv8w9b8xec24df5lfaprs6
102,5,6,454897824,xzedmoippbbvmh26sdvaslkjpn90xorxnkqzzqdlp3ic4r5dhmreyxpxdooe3haj
103,4,1,350175967,mknsonlfbbrmjv3gc7zfbmu08vrx7ao7ri3x150ncafv8qgqeprzf7nd5jgonaze
104,6,4,161930115,ex3c64t317goicuv2bo22lap6qhwj37y9r0ybwxd15yq2ytm66rju3ma8iwjqcpp
105,7,5,62173099,zvy41ngftj3pib5jl6xxyavh0p1mgxxs0y9g4qlburung1lecfuob6glm8jaksjx
106,4,3,179779288,uo8im5h07i88myegviv1k80pn6zcvcm8sl5gaatdfsa9jrx8yh0b2cth0gim0omh
107,2,3,918961361,yg036v0cp73j4vw2pjxfa1gv4cp1jxo9tynmzvfnexrcz7k1h4qvi1h5ahv3fhb7
108,1,3,580003852,1r7dee6ybdllf29z2aff6sbrhitdsns5u1yo9pn0xxxh9j2o1pt9n8cza8wgumwq
109,7,8,329212269,aqx1g08g1q16h56fxqdqjl5kqo2nwdf63tln4x8hqwxp3wdojupgpk1rc19eh6e7
110,6,9,399094696,e74i5vfwtjxpsw8s5wyih5f62xl1gt4mbdhwgnxqra7rlyhdpdrrx09zcpsbkrz6
111,7,9,77543075,1cbbasy9t3c1utgkrusbrnqv87hgbpaholy8mof2k0f552ff90opneq0vt8j7uxg
112,10,6,492617527,3n5tmm2jcjp6vk20f6umew3bzj3i2qwllbl6bpcy6mi5az2s0hvvbx1ljvl54p9z
113,9,7,668823112,329mtnjutk2ys2gxvysy3ca46ibj5j0szcz2eubo1m915ks1nkbc0ap562xw5rul
114,2,1,84765774,h45nykupdb4gzos9yij3r6fvksypypyd5c9dniceirkanffydtpnivf8h3rrebin
115,9,1,991413832,w3wmgvubef2xhzu1aznczr1gg77y98hzozokif5npwca2d88pdp3x7hbtm8wv8gj
116,3,4,472103248,xxf5ztfaicy2e6d1pusjtifmaytqftld7ozg6mgag05lhirb2unkq7vv06rlttnm
117,3,2,759517356,orznw6a1kfya1rek3v4e8wo4fldsfgklm667f7jdpyrky6gcfgi9k8xlida6igcf
118,9,1,665406711,rfu8rk57vprshaki6xvugf3dlrwwu4ockomckp4b16as1zwxo5jd08xnnnu33plw
119,1,6,451912305,5eduvnhaydab6olkkxrhm8dzgawuetk60z48975ffnvg79d9va8dlxsb8krabe56
120,1,4,804251847,6l5ekedg9n0rl244ksnuqj95r8cdujcb15cm2yr5uh9todvo9b7v3k9qjqt87lt8
121,6,2,831262396,eaypc9w1dkm9sfeaqfvbg4qz51o23hyhgde7c3r96jlslgf37v0pujwx6seon61u
122,10,8,280606384,zeffe0htnn7wnha9chfnykphneph6tlwixzhvza80kki8iy5i1synvj5x1hh0ps3
123,1,9,778986629,67o5j9mvjhxho93r7waqku84cj3dehc5mxicv1vacdaii0sl5miy81gq6mwihppi
124,3,0,973222482,rl8556m1xm7gyeygtfk9jro8kenmvundtql6un2n51d1h88d86s5w7lt4mhf881s
125,6,5,929137838,g0pogy527lj76fdd1jypeyzibbngrbdvtq200bem9wk1lqd8zansmf87jrcon560
126,7,4,115859466,il2ir7zcwkzdk78pe7re2ak6lui82qh6q3pkteb80bxs3h4urtu8zk4atepi5uod
127,9,9,47127726,qduzavx31nygdm8b1nqwwdr1qbjkne5aq8scznuil24ssqd9hixdcpas5m9fspd3
128,2,2,570478441,g3lmwf538ec3u1uem694t8svo6hy17m73o8we94bly1ux4mn0abqejyxokhp9lza
129,3,4,161908608,90y6wd5sxk4sxxmlqcadyc7p4tzqk330qdlkcg90vmnn8n4g0yix69hfke9k0pyb
130,10,0,785989208,gkldhgsyaqrfr1o4963x4m7qpwaavrsiirutu2ed8qxego3zw2v5gcw9cteyhp3d
131,7,4,650756766,ckdozrer1feuahw36jfvvklh6b8blvk89e26kj1z5cslluq4n1ujcwfewlrxj75s
132,2,3,541983875,1qe6yl5z4zc5578kzsw0o0jku6oc2lueu1mkjhmsr2q4dj2ivj1ubgdpmjn6nms9
133,7,3,974220209,z4b7mmccvsrw0zprk2smh4ltjiegqk3fst508lhm88y4jqy4elgxus1293pdusq7
134,1,6,613502293,fgs4vbnr8a7mfdcyzdgf1ah444w4hqf94ijsl8f15dvv16226xue4va2rpx75ko2
135,9,1,940761531,3l9r1quaqijywks8o1jk4fu58do99qs2fokdeubyg3772ubimw4d2blspn5lgmn0
136,8,2,352301917,58cydrpkk1bmca531eknoghgismnqtbndwb7x2onlg2lfa95ai4hwqvrrbwmkguw
137,7,2,831261177,rvqnijckws04x3ke6joafbn8pyd1f83kv6i1g9awevtn71xdaswaxffimaovp57j
138,1,2,600180048,um21u5tqs22tczdhlae5v3ctesr7ayt3ohs3jrebxgv2gqbg6mjkyfeyswrwzfu1
139,6,2,60171813,p773jksj0qooznimc5li93fhk01ptgjczgzu1dvdn3eix0r2894300xm19zjqivh
140,5,1,40479308,psch1cngjqftl99dhw781dhrgkjfj60lckdltpfkuj6rdha4ee67q6ljta2wtprr
141,6,3,849833500,t1iopywzfdj1smpzggkhzjt91xp06q6p62b5eb1kjl937uwlf2m6icjjr4malo1s
142,4,7,488706605,41tfrqz2c0ppu2l4ns24w87h09zk4gmd45vgs8d08iwjti29czdbd2jtv723s31q
143,1,4,952724255,9z44twegdajb9iz6rmyrhq3ic1ttoj1t7ptwplauafo702rv4fgw15pbr1ms8f1f
144,6,7,190682684,y793gtrma4jfyz7mm9b9citw1ulu9maawgmksox5peu43fqw160hvo9wmsfhwjrj
145,2,0,530165967,85sxmo60791lyp7eh7vwctffgx2lj1h1agkvvs2xc0w0jrm8g98v468zfvuaqi03
146,1,5,42598662,6yvjpfgosbwd76ndx0hdrj6tr67gg42jiu0w4j7h8ls3cszzg7vqx265csmkqaid
147,5,1,461208012,7bzwrrotlpv1anivn3guon1encj751arctt9x81wro3u976cyk5694c1afl6ru0q
148,9,6,205653234,vzpsr7m1w1btd7fla01mtgh1iaoib7asuux818yv2a8oxashp7rr6laiwqhchcvn
149,5,0,261903132,203hjv7y55wuk044vj4d6c58iwv7sa4rp01c5ezdk66xn9mb30v72tg4p12luls0
150,7,4,339844180,7ubg6zox3u4jccg58tvl981r7coigqra8sp1k2k6k8e3m79go7lhp8h6qwfkywea
151,5,6,125408743,oh8j412mjs7ifiy1zvopnyjz8u5b5umgnr2fy5t0d1hlit3vuobv2j9ewwpcz50o
152,10,8,163598094,qbx3i2yqup7tuvshwqiu0ewy7yef5h5i1bhtz927zri01glqn6yydmichdobbnl9
153,1,0,511207624,horunby82i8956y378ej2plbpavy9s1ncizz1d0x8dfffnzhex5t8nsnvqpm5tcx
154,6,7,30894427,3ak0ztxjrdvlqgehdp6wr4y5qobrn28fy1mtay4ogoy4ckacxrm24wy9tuaxxqu4
155,4,3,835305266,8yd5ysxoub1d50mmkyqe4r9yipil2jn151xlbc4eant6fq6kssi2321jguwd0fzx
156,9,3,652163719,7wh1k7q15pz6871o2m8sb5jhd2e2bqkhndp3ebr59fsrqmfgn04v9sd3lt3uy4c2
157,2,7,206130190,f72u7th0z6vjerh9u75w2s1nbmivyz0nhomcixfhmn3ute8negjhyrvf1lrn660f
158,6,7,566312347,riyfeel5rj8l3dpx500z8de3mh2juh0onu2m87pxzqx93f7txawl9ro899d5kmnv
159,7,6,1372272,dz4h6sbocpmqcq1nngpfrptybbgpqtj1irfly45u4zujwtm0hw7qov4oonq9f6tw
160,10,8,435270001,v64r9mdnonwsieubxmk5sravqbm5lnzbsbbwr675rqsh08ibxi0buoyio1658ikr
161,9,6,681378377,drq5a1exx9oxi4sdxyi2j35jnoydm5w7a96fb2z9di1146r2ensq1lie0tg24wax
162,3,5,132027041,86icg94v1v8a0poc70zxz2gi2mug9bzuf5jp6064002su632kajjj9r1zm5fp2qg
163,9,3,322485882,ap2g39uxnzptgczfs2s9oe35btdzqcwn6drb2zq2gy24adewtz97n0jdhad6n97j
164,6,7,615484927,e1r0ixsqk6t5wzkwkmfhjumpm13se5gs3mkgszwkwt2y8cykulhilfuzq49jmayh
165,6,5,614093387,cvyvz4tsuoyw7y685f8inxlkasiwrti7hr4cl63g4gyjfcqh2k0t6uiwc0fiw2e6
166,9,8,452770621,fh3zzzetslmky6v46wfswtz308js9eyx4ujs9aej09lgyq0tb4f76pgenblr9yp3
167,10,4,678568508,qnyorn03nvpcbxd4rt8ywig3p4v76flw05bssjc1g525ntewy013froovl603rk1
168,10,2,922058023,khf56bvfkfz5jqruxhofylz6n7xn5a59wna6d2hswga50d3x73mdha9hmwtil3gs
169,5,1,898304367,haibxe368v55zlhpqapjre4fu0c5iu4fuv4uhds6eh7at5s4tfx8zop3lvulyf9d
170,9,6,222761243,5jrr6i1xbzfzy6iktjbjxq81m1ki0yalbo1y2k1do9y72xn0kx2pvsw0l7buwphz
171,2,3,958860505,ejs91vpoawz2wm306l9a8p7sdbsiv04m2eccm5fm0jxwswabtorht09d1ef521sv
172,4,4,336157024,almb0y13tie4ru7thhhtw8u2oxi7em62cy76e5taqqm767vbdg5a556z93kp4fx6
173,5,1,440438312,onog72uaqeiixtlmejd3xcujf1f8hdpiks2dyhqsf9kcfc16ae9ck4y0mgzfbl9r
174,6,3,895085791,8ejbwa3ihb7dd4qu6twh4nd5vytavvygbxvgwy8xdyu6pvqnci8bnqhsqd1p0gbv
175,1,0,717292244,fzj61gyyfq7hn8p64uebupjk82pfw0ykwaeuabdgwj1359xl6hhwx64x34u1ltr6
176,1,5,593255487,2l2crr56e8qbpqquppcgsc0sbnxiu6a0tojjtzm4nxsxvt3k800yclavitroo0br
177,4,1,392925025,sw3kp9a9op2zwiaiot8u4n3tu6nr92b2iy3vb48uflfoqz8648ij9u0a4f7s305u
178,5,4,300517486,50xddvl1hatrbqzyimzbygpjh7u83wt492rystt2s0vpewktxe82fs77di9mqexv
179,8,4,770038333,skb9fp0qbui1wkgzg8t0h81yt9zqurssgq25h2z7j5x1ym0u184k5vw04yzcav9t
180,6,9,935803659,woaxutaanurircwm99znbofip64371qlxlju275fx0ru8baalpe004z0zopp8iau
181,4,2,305812787,y0wveb0mgydorg5o4v89pv8vk1wcczek8fhpq80q8j0bsffjuho8otdf2opl51tr
182,1,3,945520845,ugm629dliihtzno0rgqgd3uo11pqdolzxqflyta8texltm2ck8qvm81z7x2r9t7f
183,5,4,412444447,awretfpsyndcmttc5gdszhkygb0dc2mbq9je72oxlkrujhsyc4lzu5l8jrookdqb
184,10,1,383417441,669hlpfib2yp1cjd5t9jyb1umggkcg54uo49i33gxfo2nsomjsgyjx1l7rfjgpd7
185,8,0,875873761,a3md0rph9jiyxfzjhzxk1lchtmwt4l9hz10xit58jl1yweqesvrh2zs3dqazrzth
186,1,5,780525026,2hpxs9lzvmofu0hlpfmb4920td9dvq5rp5k3zeiswoamsezvlpoja6mz1v7jbvq7
187,9,4,548175368,3raegt5vch0hw54d91orfx3lwnjz6x6qheaph9rjfk0drnzio17p97le4df5v6hx
188,9,5,743320091,0mzpnvizhomf33xpd2cpvle6ifvi0elzpqt3j9zwa197k1ndvyikjwp40lqn1gw2
189,4,1,672413923,aoitzg38mmuu7ilim6dge2bdelyjnv6neovt7q7dl78oy4482k2e3yn391a3545v
190,2,9,345862781,kt1ryxs36f9gdn7hk9eq7vt7pfr86yssr7wnvhcfmzkah4u5w8rfzj1fr6laskqe
191,10,7,183013591,nlpa684kb3nqmmn8org110fw5b8x131zoub1cxqfg35ndp6i0xij0nlvg836joyc
192,3,9,50332345,lkawgqqlq76hbg19mgfspszjse0fv3jn6cvuc95kr8ckhi1qimlepyfemrdyzm4l
193,8,8,356122475,qxvuxoc8ffks62s436wix2j3gbmm9zpe5n9ec6nvxl9znq88jgyi6jnh2xm6ky0h
194,4,8,280537612,4twahy339yr2gnu3jidw1msxhss2emccno7r5l03c9ao0h0gn6i5rjshz8z0ntxy
195,10,0,645554911,rsuatdm53klzynd0numgc7kxe5a86ml83jy490gvooy0k5e42zdxmjyp6q4ecyd5
196,9,7,682716143,u2qdxypm4ezoixmyjroad0igopdlok2l7nw896fu2939o8dfpw0y0tmkfxcl82ib
197,8,4,614350636,q1g30r2jzyzjg2cygayhlfbh31n5enxz6qeniwqr8pwcuh5skzrrbv8mgi7raere
198,8,0,592697645,acedtbb89w34ilair6q1w9sy5dgm7h5svttjmzg3biqrf4akcapz0xvni6qires3
199,10,2,294803848,qavtdebwsj0xn11wpawufgpuzxlqfuqn09biwsl7r0r839w527cyycfvep2rq6vd
200,4,5,942909600,zpk7wserlqf9svjb92qui8x5cgksexbga8u3ba1oq37io5k1pivur8r7q48om9bi
201,7,8,104406016,p85ujijbql8ec4rj3jf3qwbac0yq9genpn07v6q5sxmnurgq67rr2f7e5xc7atza
202,2,4,914633489,fjf4b343uvmylzpj7w7co3tlhf66z0yb5am9njqqr8yu09hfsxbzfv1at5idn5ui
203,2,3,684890174,1mflt5ktrjt8z8mvyo95p29gkn11mr0sgj17xatg6jvf4v3w8lutqiblfc1p5gmr
204,10,3,151590872,nk7nhfxdcqf4sarue0i8njvuhiky6aqdnvf3glbxuckf0p4i98b1fgzvqaq5fmuz
205,8,1,563104752,roh9oy81ubvattmiimv2l94uvtl4l80gfw7a8yuao0gt9zhpp00r64lm18hoylwy
206,6,7,820443845,9qs4hs75531azz9nm8euqyw5whjql0ohjzmgwabkj38ph0dnc608zmb8rmfr7c82
207,7,5,315766904,nuqa56pq4ubtpzf2bx9obrybe0ondu7lofslrjrqyswanyxor50e35f6d1xuvm7l
208,7,3,633290942,89con8wg7amae0odzwfo8jp1rmja5ou84nvhsvphbmdounmolz8lbe1ud77f5ra9
209,6,6,106757529,7d6pvfl9u3cze7st60qvyfio3viqgqcajlc3056m8qa7o0eoiva6rh5nggbcec4z
210,8,1,73935413,qeqv3go9ipuiretk3yeeqs8x70n8ts3jqi1sydwf2az7o8mhqzam7pakmx3i1yjr
211,6,5,497721333,yivmrsbcfef5w4lis02wwq9aj9wjo1727ksyvliujjldv5g581oi7pvl4kibxd00
212,1,8,570205092,wb44n47dtvjcu6h7pn26kz5kjrf4emam3fxjempagg0efhr1yauwzjjuf4s3l0h7
213,4,4,953793009,gejxdcnioeyg6r4bmv8uwltd3hlberx5cr62zjnnsvuw6t7kyk93huib8q8kak4k
214,2,7,569735523,gedq1bcz0opibrt7dryiyilk30vpalisi74bi7k54tq035f4is0ny5rp4k5yckbn
215,1,7,267450673,d2tf4lt7gmt10pvij7x1requonqf118hzx8rgovxjx7ttwbdr8i3g5z7oo68ttcc
216,7,4,787080320,m3wteguoz18qs1h7xqld0gb5tu4gg691m5con6xmaydf4le3tt710sl6mdowxqhl
217,5,6,663091861,ebnwn7mdl6v0ybdoeqxu7n68fhdqy7wxkhfjl7j7e4sjehtvz1kdtqu0nac65alg
218,8,3,790154538,ek87l6fi3w3024jtxg2wujbui2p2i0frvwkwcy3jpk4535zdja3wu2i6i1lez0a0
219,3,7,21988824,5wjhbw7k2whxhe15iqhbfp3suhkdcywo965gen8c1qxxt8qc3eebk5808rtk3d7b
220,3,0,52720577,n6jzxi8tgtxrr6irhlxasfyo7uqaitcrzsr60ikaeq9q4x1qh5ceqh3bmldhig8c
221,1,0,689825390,mypy8xqhnbnfrh6acqbzso3az3m8ockrolyks44yqudz3nyjasoywtat8cj8pjm6
222,2,0,917776299,orupwfi287tt06u29mnrxiw3liag6rmu35z66jnebr25ctvx20oipt56wgo19qae
223,2,1,77544913,lat8dmuie8hcaf80ih061m37degr37g1mooqf9sden7l382xqp5rviv32iztr8fh
224,5,8,557006115,qxozjeriofki5ftyngus8xxe9ll1rgoad5ak2nbcwlbcu3ow4ygtczxiw1bmhdre
225,7,5,673958776,jwr42lvpeq1noy5293zqueaqwzq9eiq92f1fau12awoobi24fdtrgt9d1fuoxdaa
226,7,6,983700909,pvwpywp8311hci2s959uadcqf883h3sxzqdixm8xg5sq6oc5uaxk401dlgwvq6x5
227,4,3,328888237,774wi4vnn2x57khfd69xfwgw6i53xuzqxis83upc59sen7wtf4edfmaavthxbbjb
228,6,6,892194943,vnnc7435f59z1jz4r7h88y8efl1lke4id76c5wf5u0qm48edzlek7z6byqcsxrnn
229,1,0,529264187,994glf1dy0587fb599jog9dzfs2chctiutdgafbu7pk3bp78vevi1st00fq74x3z
230,10,6,811190994,y8ztrazly4tlylwlzfphy8umn24k4gbj77gyozm2421kv7q4jq9ksfarzemeszfs
231,4,6,230935055,lzt3hbbjelu5e1axx1p92eqx5v0hlgm7iug4gspzyhlxqsmnrd6t5hpmlhu22z91
232,1,3,727912717,vtcp5bbiu3iszc9f9v8q3uy6kj0sy2yaf8vonk11o1iwznrddwhlbsbsmw5nl5ps
233,10,6,971830224,x7jzmtx5ilzwxqu2auz487ext71289hrxl3yks79xlrvenbarsaaf3hrrn4rxaey
234,9,5,542986512,3e41629ahpkepo74oan1ks0wpz7fcirsjlz6lsfepi7io6dlr9sbkob5vsypxtvr
235,10,9,880059536,o9u6qemiegfcufouddbvu6mculb3lnib932xl2bf45pi04k6nnk1nyxnrh02yz6m
236,4,1,18965560,piidkgmety91l5dva2rpfnaq7juhqc78if6ohuqe8edcwudkeh29s53ck5tokdaw
237,8,2,919374501,lms9n738lfuyk4t8n16o5n7sigeoinfhn7lo3jv0kzelwc5mu6cun2jwoht4hztm
238,1,9,894228294,98mwdvi0dh6njpr0z6pz2pl5vlmwlct3breeyzqfa7w0w9j2e34a1cax5vs352tl
239,3,0,2052305,t03e0wkjcg4wh1zy02lku9nlyb2f8bxxjze88qvzne0xan4n0fjwjd5qkrwhcdez
240,7,5,236507889,gjdjcmgfmlqf3ppuza17a5294yqy0x1rft36al6naxslm26cjy037wk5ocyw7hvq
241,7,2,645468212,hm76p5v4kf88j9j3ptxqkurel7egqu068876579s0em1g2ww1h8yiy21iq93emyu
242,5,0,151030973,ty3rp5iryfefldrrqxftgyay2raz3jvs0fwru78g1a7i9c1tcmqvuv69ncailnrw
243,2,1,570171299,l437v6sn2weg4wl3wu2y975783icstf6xz5zbrb0zyrq1jtm786gszo0etqcorja
244,3,8,169094316,mm94f9559mcamcgmx42ou3oipxto2lk9mui2fq3y9583om0n03x50440rpszomoe
245,9,8,59993011,48fucrefv7x4cbruzyk1tl5y9h5lvqk5rc5b0oyhxjk6h1cd4wf5kecagau6pp5h
246,5,0,11605289,io6lvw4bav47e7adnr51bajw387w5e7pmjpdwy479gzpzwi5b603yhid4uap9itg
247,8,9,743303386,qzr8w4iyjl4llrwb7crsnsqakvnmfhi59ypwg1biry01gwp6d0ajue8ynmtgjc59
248,7,4,267884753,qre49oduc0xqt6oigex0nwjibsxv6gwmg2yssgdz68nki6x8mkyqs6nu80wl5xll
249,5,2,234645960,d69tdccebwljrnxtthdc7ux9xvqyo0tpel6i6gmnyu5m2v46ge3dxzc8t2chszax
250,8,2,40728097,bo7erlrsn9h48m8cqso9t2qzdfegkasvm214t7b8cjpr894zqsp4hvh4jlb2i7q1
251,9,4,193700470,0k950y8twg0xr0qzcc6omztoc2pfsmjptalm89sj9y1dqaombkep2xfqswncfirt
252,8,8,349439698,d1ty4b3fob5fz8b3tc9a0v0czogvqkzlh7tqryh6d9g0ie0qk75n2k8xjfhcc1v2
253,4,2,312828692,hpc2bsl8z65wh5eoq08nq19zc1y0s3e9631ka960b6o0dqwbceeb34wap8c8wnfd
254,6,9,384754133,vhefksl33qxse85jyuhtfkxngpln0gv3x3vqd9k9t2enej79w4u71tfph89kn8xa
255,1,6,164770699,ihjqi8lbf60n7wlmjhidvfh4j705ddfsu852y1iaqnl8rf2z9brpoe1i46jlysxu
256,7,9,222304932,5ik7equdftlxxrnqeb5zdk1xdp78ru431hyn2flw51f06awcph1mqa2857klmpe7
257,3,4,554630611,h9v89whvqnw1vofugo1evjxhe3vlyt11zrt0yrr7ik7vtfxy5bo8t6wjh75dad21
258,7,2,878284166,vnvmhkb1iadr1caqagjjpse9krogbc7e40ad692w6x07e835szvdnbjdaor21cg3
259,10,6,179849733,pgumfkpkrugv6rfto16ncwuuuuvqw0hlvu6qifxk304jul9jya9lssva9qmczyou
260,6,7,562953524,nnckj770skw8249d2lhev93l08eyxnpsgk13rtgrwtulbmtmikh40asrzzyidk0g
261,10,3,753839628,hpnxjijmu75vjozdohfc9jrokvqw91l2g6aeywaut6f1hjwf0b18mioiab1b2fvd
262,7,5,180755557,qx1h8uw09mr8tpl2dpphbf4jh6uzomqx7we0c3upgd7vqlf8etw853vz7q04csdt
263,2,5,14437150,kestklob160a78n5bcepcl46puritfjnpqtojocmn02b4xymx26uachiyr21ke49
264,4,6,994678098,kyde5bn4xq6lhpj567u4m05dd902w3zx7w7xv07u3o7n13r9hy0igneo5yzu1wwp
265,5,4,13828929,yptwox9seiol28mo967p221rnwkhwnx9gnd55kf5w0lyvmdoz9pajfkmt6tzscaz
266,8,6,362457262,cf64o9ixcb2l44ber6yuyhhwfm3ctko3keeh44buympych9rge6yyf9mscnl9qjk
267,6,5,183886110,i7jx1g0fp02i1mbre6zxnyka4nlgdd2ev9cno7s1acjwenmpzv4p35444fyra9od
268,6,3,187514176,l37yk29sktaupx1of5h6ibwwlffjak0td1bj2fo3cnjb410k28fys6quq33sma1t
269,10,9,133096852,h8r24xk14c59fyxp9f55ccjqv1cng7llmrmyb52o42flmp8rhu2e6keubpz834sw
270,8,2,740861373,tp47l6s2hj6dbc16wjnvsfvx7chsac1qhi9duph9xrh66wj38na8t7sp07c7jvd0
271,3,2,599216195,jt9wh1ujie6xkihuj2gtuabnc1ewfa7ir2qihs32ra3frlsindq3hx7xzhmod8il
272,7,7,439242959,kgio5ftgbb6gxmnbs25zz64k69s4ew2khkjk3r0p7wvz1wxfamuwan2klkc5aqom
273,10,6,917384434,h1bevv4a1kvzy0exayg0tok6e5wz3w9xw2lcafd4np4cuk902ni1lxzlcfydbx7c
274,7,3,928379908,xihl46z9qj40hdu263zgchsoysdaxfwvyzukku70jgls7mma9tc8vv17dlzel787
275,2,6,86796305,qlxam9nxv4ex1is50jxvjfffmstje5cfjt2abdhjg5828ttsj4ufxrh825sqttgw
276,1,3,274645484,qui9tioooytl682z0a5u6ueh8u9gtymya0zt3bcqad58lei8zg91vtqmarv6yw1n
277,7,6,929509338,z6qqp6rkldxjptippf20ygtk6dl7i5rdjjs05yerbeyw0nf2gs3pasqji5wkn72y
278,9,4,570242451,xd2l997q3mreshpuhclntmasvxkaqujbsmcrf9mqu2cric89ung1aao2f82uzroi
279,1,4,395576340,xpxefubn0mahs8eeudcg55he7uifn1it3yirxnxb5mb1ikolm3ut5ivieqq9snzc
280,9,7,254098419,ljwrfwzebqyeui63j5u0dnln0tlc9v5x24dfz6d954l0ou89oa36oa14nj4emuqn
281,5,5,905614387,kxwww3eoso0x3cctk1zm207r34st7a48akq4n5nv4nbalp4j2i9k19j2qpvhc64k
282,4,1,4444271,afuy1bvme74t82xaawsh399z6g9wqzwfz36ylf17gnneov22axn3v3d29koo61iw
283,5,0,629497561,lsjersd0lmbcc64ndxio4x6rtjvld73cbnsea63najy88ouw3ie649adnun4wbg1
284,1,3,818847815,2951auq0ih9rlcmeefkxxdf4uyfyvjtw37xxalaoddqyk9f2ufxhpqb8pruwnsjt
285,6,8,254360403,d0xrw8fnofiunz104eok1o5tluvqhstj083xeumi3qzi2ash50jr1vwgqafkcles
286,2,3,884060202,p93o68xtcmhfp6gjw4250yc7o8wprp3v684e7f5obzymxz4nuucxfxnfmxf25xvq
287,5,2,899394289,jqzmzjcdhbwoxqmhopnf6lwipjhas8n11fzztub45znnmoe56mjq7bpy0twvk2bl
288,6,5,70978976,xfpynbci3qgqmxlj4pd5xo43ncye8xk4tvgqz27pa990xnb7o0h8o23nkybdbkf8
289,10,4,550554422,rv1d59prrpojij3lmscmpsbwzjuws9f67l6ixom8rnxykssmcrz0d6x1h6szxkbb
290,8,0,514474100,whs5lihixkncrjb5arwlt3tx48l5tg9f3vm57ejzusrdt4cm8ksmioamak21rkkb
291,9,8,793368408,mz2euux0n8y8usk63r50e32nrc0qb3sybjm6v3sll1j5oa59i56wu2ce8zbrun86
292,6,0,194892822,p6xu2708b48g46h8tr2n8r29kj13xkra1nh2gv7aeajjr5hbod4v7egtslkdsnub
293,4,6,964717938,ie83zspoyje4uu8620vs7kk40nhua8fawjicnqixf8fms4lnpudsbxzkcnw6osoh
294,7,8,617235466,8f79cumi7linc90zb227cnqlu05f1fm3bm0weanvep73sckzukdubyp25nluhqet
295,1,1,751320091,y3j9tgynn2a3xbdtsjd1mmdoenv8opsne2txkbwqkd01og03bqraa0ci9xuxjibh
296,5,4,408084344,9oz7nyc40iyjpitcvrmm7q4xxy71h1o59nmx4h20swrqelxyufgeysbokzz60tjw
297,5,8,85971118,mgqevdxsk856u5w3kekwg51xs8jmeiwa548plmar6e87b4y8x3ile1jq6orzc2hk
298,4,6,461865972,5dod8eba81kunshfnen9dm8q93p95wujm0qmn5xyq2q0sn8nryngjv1q66xgmral
299,2,7,248547058,f042o6exl2c4x8mapr0ry2kb59xhltb5rlni2wyyza9o7l7mwra7ta4ji0933r32
300,10,8,171960292,o83tzor7mnoaggxdgini79gn41r02ti7qthndxj6bg3zdxtj4yactoim1u46fcdn
301,5,3,308220945,ph3pj1k2naiexqc4svxxs5cx9dy02hz0di1v5usul2026wff4l5rl5dibu6pgjo8
302,6,5,655860796,c8c7os2w2dvc18ppbz512256qlarvgj7ydj7oj9tuucw3vobwwrz4xamm7fez77u
303,3,4,884437300,4ii7i3yxbjhad1me1d21w3ybu2afajca69kw5l7890uu3tyu3z7t4zw7i54qzyol
304,8,4,82026924,3zb9g9kuosst341tvxc1wl7kpxvu4k7mmw2rt8nic4oedx6uxwp9ebl4qbddhz64
305,4,3,87039651,cstm6og7nbz2p7iu3ocyg5d9oc8a140wrjm32splo5m91dk5c8fz3d286e1nhqly
306,1,8,817840968,cxe9vpz16gaqsicwh7lbfmoaezfsgttgiau7efpfqein1r4j1hs79v9wk4tr6ojn
307,7,3,760543293,z5nuya6ane1rbrg3bkn5dc8zynqwmzf9a2yukevzrhzizfa02oy33fodxlx7e8u5
308,6,2,822722402,vjstw7mebpzh4yku0psifk2iflqkauyoe3l7qso2ofij1xmap46tjb3vd471v9sp
309,2,3,510522021,j1ekhysjiryi93m0ibeqk5ngzj29jvsqv3tt9yc0uu2wdyix47af47enjfbk263z
310,7,7,672271177,scig0ku58l868igsevmp3xiuy2p9jgeevatpt09llis97ue3sv1hqagt3xu70pvd
311,5,8,959823883,071q56uvmu2t4i4vbl7s5qnceflp26dk9sr2nfqaw5xfya0yrk7ea1ggzu0qf4m5
312,5,8,383082912,jtg32z6jgqnspuawrw1wgqe22zw1yijtgk0zznbcuri415dlkjnlfdghu8ou3qab
313,2,2,291562197,atb5sh4wjxk06l3amzwxtgxcv8wxscbq3bllrmnregtomb22glpst6daaubze4q3
314,2,0,727610545,4y19ptsb9j5cvtcfycab9vgmvoi6ce563sc3ee1wbis5aadipfc61y39v56r2we4
315,8,7,253438659,eh2d6h8t20ne4sw7eaoa3zq149rkvldws45n9n779fyewdeetekiypbaxcimhmd3
316,4,0,484656134,599ecrlkueqiv870nn1rh5lm140cllc84r0px9z88iyyqk1ejd830jse1mh7oubr
317,9,2,788035337,fp2au7hz8rcplqbok3s2w8p7fdgs5uaziz140375qc2sdxzvrmfafw8me6yzbsog
318,3,3,185248849,fcec79a6ko5px6nbcj7atk9sazh61awzr26fjyocqqpooeg7bxkubdm00vffy7mp
319,9,5,263982078,ovlpyjfngg9jl3p49yoa2u0p0yek18txzj24dfebpo6bmq1cnc7q6gnpvgfyek2u
320,2,8,548290341,c0udbco6cp53bkdb1u35hc01a25m555b7zoc0jy24pl43i43l5ruwzk62wk8h7ez
321,6,6,348857751,ftlz56hqcpy1eso7zeadmw7fhbyaxhihbgzao74wdyv6jq029mzc1rlet8otuc8s
322,2,2,38740555,oblb8qwuxrel7j3v0ehg8c14xe4j8cl2r3w1bfsm76isfut731ue1ud4kdt52rcr
323,2,1,285299263,ivvcz3s01imtk2k589lw4yl9d1cxdehm58u50vq24jly890o29x6kx4ar4xawmyl
324,7,2,646629953,1osxuewr2oxaf8k69leatp61vtzvgnadu5qjuroxs97a4aiicaxw019yfygh1iwo
325,6,0,726343210,ld2xnix5pugkerlik2vhgrp73atqygw2k4910pwef24tgci8siqagbe8q4q2vlc1
326,5,9,139395172,wvtt1p52gyhcxskul4g5vx3g5mz2gegx2j9p5f127j8k67u6rsgrctnq8ki07gv3
327,2,5,845091109,tep0yku34v46txupponhmionsd0pgjchhwrtqe0p2dlgkzn0c0czefevv11dypqr
328,4,5,223400742,g7ouaamtik2j3mo3s3r1xpcsed5apkwlt9zl6x6nlf65fn91tzdk1fffgcewxjf8
329,9,7,186032383,xqhiy8oz9wu80emjon74rftlw7johtxgmlpfbbw68pz4ffixsnr3ydoig02xxl7m
330,10,8,965157272,un76btnvk3b3yv3xtvbvkl62mhnbm8qlo3n19blrlb44zqdk7hert645pmcvky25
331,4,2,780780131,9d1idosfsxqi5k8p8bg3g4y7udfgvmgg3px7qeq0qdg0vv0lyjz07hhnfin813la
332,3,9,363044374,26umoomq93406nlj89qvfuhze825hqtg185thcshcmju8r1l052jkdvez1exy3oe
333,3,6,559981375,b0np6yu06s2brn7ysatqwxqvz8bk16vq42bswdpudo0okx7p8x19b1inl95eegn8
334,2,3,951963850,4zzp8w8t7rg052pjyzm58h0dyhketuixe6gk70vpkgkluj8s3skz4crjokgz4kum
335,6,1,900295994,rqcb1wkclgb258vgrjnm8ro4hrzs6fct3fdtcmhre0xmbwjk576rtx1h1xx967z9
336,6,3,805960525,rz85s1dozvvgbblorm8swe5ww0jbuji13d567wt9hjmv0dfhyapju85bx9p0ih74
337,10,2,980008728,u8uge503g49uxk90srscg4m0ztpl97kfzcaqiij91dgzla7ma4kije7i5k3ex5x1
338,3,8,885387364,b5z0777c6o1xwhbrg0lf3fg22k2vp83jknmub4lrole1h3hvt0niyhy1toj285me
339,10,9,58849582,ub80uqiie57g0tdigfqzgivp4okhtfxnbnvpe2bva0x1qtsg47vwtpzecfc7t048
340,7,9,325298360,warpucmrg09ns2kzlggvlewmhmxlcnwjyrb06fics5sjkwf0i70r84jgt8lcuzlg
341,1,0,163464838,rslz24ix8t1qm4kz91tjmn35cowyebjqmj4od2wy81va3p0rqw09j70s1hstsyg7
342,6,8,375861909,o1cc2i43i5gbagfyv1c0a4y4okxcx4s7hrsl83nkcqdsmo1phf6fgvx8qejr2ue4
343,1,0,582383409,4491vcrjf92no0fwol0mo5j1dgsllgv9yawvr0ukqgh53inhl9xgqts8oy1n3ndf
344,4,2,601815394,vevx2xxpii194ktgexua2de37u8o6wr8sie5vg30x9go9awt2b24fsrwr526enma
345,1,6,639563977,p65jcwo97nngpirqxfrcqglkq4b393awnmij4h3scgb9fgmolwt9i97kt56a7iys
346,2,5,535114204,josq8h30eswujaawo3gtyfbax1ajp70jycatjxfrjg2vvyg5z5kvx7o1q07dxmli
347,5,1,107947745,onxoknu4p9wbcwvz16vko3nqfjjc484x437zjghe2uj9195snimziq5c35m25808
348,5,8,613231436,g8dtl9u4tvqpd9r80n4x4lhy057plcb5myfqlszjqgwcn8gdnhbsteimz2q4bk0d
349,2,2,199809283,a50df5kz33j6hkfxuknp5t4hgens4vrxhzkdo5rwvl1qiz9rl1tg2rl31t0pi8jz
350,7,7,269002878,metew1cldm3wyeyk66m03knof2n4bi3qif5wpxbwyr8mqnlcxomdlm1due247upp
351,10,4,684279042,wlofwppey7f03rk2bofe5bbkg65027zd9p8i8yfv67jf7kaq4nxl1hss3xiskbq8
352,4,4,552650784,5gtqkg62g26huczscvfpxgqwubj0ambmzsju733qkdpkie4lti1jt2aokyhr23pe
353,6,6,76351597,kk9z8y2gp5nklcwpdpfglaw98rl5gkai0cwtjhlsj9sb11och1sg5m0b4m9fg269
354,5,3,525252816,91c1aec17di51ovspkamwr2vxpefd058m0pcxzr71o2g07mkec84xalvhuk038eb
355,1,7,902089700,4juy9b5fp4ar5beom89xe8byveby7jlrul0i7subosm0kxfbna4mscmu6lqq1rnc
356,1,1,968081339,awce2yrm0ar9o5i9pl4vl1sd9n7z4pxvilupo7xc3x4mgv0h30zjs26d87ks69vx
357,6,0,694247953,ysine8wyutij2om89fg1v13aqcnekhli7e4e3tzqs9w8splm2kr71072k9qdse2x
358,5,9,629101165,zow7frcibfmy3ax6o50ax4oce4ktsfe4thtidlbdtjaygs8pr5j4xprb99ljymey
359,9,9,291503670,qzqppmg62mg2godm9d9veyqvs83yilo8tvugs2w5xyjcgxhj6iofan2symtdkv38
360,4,3,870245084,opkn30qdx6f13qcow9c5lj5h5maf2z6yjnrndyrozgud8sngqd2hw82k3hu23zu5
361,8,4,753463127,09ffgp24good5gcaq8m9icsgbc6s8a2mrai9x45yejm73462i59nivw1g75tirv3
362,6,4,594745597,hwkr5om87n3xz1o2nwj9mfvbfrcj6741q1s08a8hp58zorkgyy0wyuoga2o67kfm
363,9,1,800226470,dhpa9vgjfmfvp8zyo5eddafxuojxrogyaq3yobsagwjti1x52necoju998pe6uu9
364,9,8,451446802,5nwcya6v3x4fdku9f1blgy3l4miajmfxuznxu12juqpus2asemj10hzoi0x28vhq
365,4,5,849762815,6mde8ia5zt3xxl8u9s5jzdtolum9cxw4px72jdlvx2bc24h4jvmugmjaa8cstrof
366,8,3,373115648,lqbupwil9mbw05ct40lb826jmv52gk9hf55k4z1qwy42sen5wp7i8kqh87xmclct
367,10,7,711445399,5ko4eembcbipzzru7ipdt095aktfm01jrw4vmgmqe2w8ywxect3l3nldjq0hdys2
368,10,0,761518587,1bhvmejde5j8qkkb3r15a41yyulev9kx3w2mwgx0ol5czz4a879vtlnhf5upd7ds
369,4,8,889400490,8zbjjghy3rnke8jodd4wreq52zv7vyobd3ib3vxmfikwpw5e25g2e0kuz0a9mw8p
370,10,7,201957408,js3jrdcmlqdo0btu04ut88gr7ttlwa8ewgioof7xevvtchfn2bfy20ag8mui240m
371,6,5,576308351,6gw222qq90fff46zbby7qrr6uzgm86hdpjfd66jt31anx8xo00o0tsrovik3x1qk
372,5,8,97395214,20rrj5f9p21nmwa5riconw9bh72x6l0mitcq989aysgdtmzy3ulvdvidmaccndb9
373,8,2,981621350,gv0vjwhzjdd5wcnmi4u99virml81utrx6ivnqimyq0j8nmb6hr3b67qkdwminfgb
374,6,2,361864933,y8yllp0xv8tfasx4u15ln69nnrtlaciqed2z2tnushmiwelmywdsxtuw9nnua48s
375,3,4,282158360,i8yfdavg2ohh2ff2fngp1szrpo8h3bdqeywb1d1voicm5ran4zjymzoj1wa0rfkk
376,3,0,183897903,5476b7puh3fgk0w1ih4vv6xpgarsw1qdktkhassewrpvwc9duw5uizf1awrt2y13
377,4,9,870506496,f8vv4flsr3dia0yvxwxtl6hfx6z989ryldfgrs538q8kjvip0y8du4c8mea4ks8o
378,5,1,77780502,m12p1q1mxzgckuh3nr03hvdxfjhkvg46vj0d1f6xcdgpahs0fnnxoysdnep3eri7
379,10,1,233235493,nmexqrxu477s631njqyfeqbrhb3h437dc00olie1e2sr0lvfiu6pml2mn7l5q2xu
380,9,9,443270590,641tndg7hu20g1c6s7qfs6odemgmyw32sv227lvnfl84ruscz7kd8n6f9gu3lfae
381,9,5,265541832,wybo88unggtagx5vgxitkefm9r5uxqy53yfih60ddf2dyymfu8rvqc6vpjkuji5j
382,9,7,253280267,4cya9ywkaewvfuegyho45zt4ftugag9xjj65145opuwq8v82at5aan5n8lj9glet
383,8,0,180294696,0j5s3m1npub6h3wdh32fgv5ej2pqzfiz4klkdejvwirt1s7md3u2xvx59um4p70c
384,2,8,56055036,h68uzc37142nxw8micxix0di1mad9cqwfl4w0y4fjfew690vnc7p1c91oetjias8
385,2,3,357859543,mu8gz2h5enzsnb77b12dsqf08yorei4nhnrtnwza5bhx3ugy1tgdxrbgfxudfuxh
386,3,0,574576416,vs3i8tbijwynpaihky4ndjnfrt6ejcrjinfnusle21hgrtod79b2k6q3njihemzd
387,4,5,123044158,qm72jbczfd6vdztyqt7ev98nra23c67yid96tti6tk4sb69w4ykph8j1rdk36q5l
388,1,9,437667119,coj3qy0vcn1n0xo4c7y0ggyigxhs5nfpo6uuoidhf73b3i91zf750112x0i41zpt
389,7,6,592768407,yynobhovjx8jt186jrtjc7pqvqql27tho6x1xykwym4gb7curzsuc3bqeqtqjdtb
390,6,8,336726441,sn3akbic78er68eppqzgzgpiyknt0xab701xle0hdv7in95278im8nruo0gq2mjn
391,3,4,527236223,dsu8h7nry8ath2vlrmvwdnf2btbfs7kpsqq1pmstrpizpkcrg7a8yl808c5ondpp
392,3,3,321220338,bacd7dezwmxsf9yxk4hu29pkkzegbznehx1qv5e5cznukdhyallpbg2m5i1ll5xg
393,9,2,763207196,s62wd2g42b53hubwgrn1ngrcexhm4xbezrf15p297bi77e71jdhnptwqo0tgfbfh
394,8,8,675016848,igzx3b75yum4g4tnkfnjndzvd9fda47dxpozunhf6u6z471eyiazbuxe10y93wxq
395,4,1,901993981,j6kn1lemv3f2qcfknkkzyuetalh2z4lgk62almassg65dcb4bn28genzq3zfvipi
396,2,5,216703766,hx7xoyw26yaodc3erd8i8a47cnymjnw26io6gk7vto9b0tpfeuybs0o9ha3397rx
397,9,6,931432589,yeugc0ym38mzm2rvdahq2wlrc1uexftglxocwdo4pvqiib1jqd26llu182tiz4k4
398,2,5,184443413,0m6ac7lnhapb31182ja1ubnualm8y488ltftkgbi2ubsvgeiv29uokh485ml2wlp
399,8,1,833513424,xzwaa0ik92mewdznt0aqlopyzrcnq5cz6t4k3pnr3deb6na2pe5pvgd75eljvxmr
400,4,0,711525619,wy8upnbi75ystu7fpoq8w1ya4gqeeeri28qxojy76wctjbvx162c0ustsagtcjwn
401,4,5,572113890,6ur23xsdwvnf67wlqlu4lur73vczgmw94apzq9lpka51e0zqshdjmj6r6vn1p5kn
402,4,2,834375826,y2t5ma7ur4enbo7p3kpstwtnih09k1iwqlhhnymq0mo8vnaimhigvunmh5pqbq49
403,8,4,197216967,2ep2o6n25lp5jk0m99motzsfnujmwtijq01w6pmn8eledytv169rz0w41xqwbx83
404,10,8,838358137,fy39mu2jhktw1j3u8byvsjqu271h71suybwunictnyo0e4523zp4o316p0akynhy
405,10,6,281851391,recd6lz3ggkoumb3ayhu8phhavi3jq84n18r5up51fjufsrv59agnbaavzh4s8x9
406,1,4,921426851,15p63rxfd74vsyhngvnfj0131roygrfcjt12r5utx1mtzyqp4uouiqspjuvq9ojc
407,8,9,368263998,w8qat24onohi5q9q5yc191c53rnzf624v2a65reu1ev7r9ju6s3tr5lh7235chr3
408,4,0,545775474,as95aszbjwsuid2v4zqowp1b0z4hxltot0g90502rz3bmovnrx59vm58xfr4xzfo
409,4,3,925506506,91cj8cextouo517pm1dfhkl2he4cm2z3aixllip0p7p4g0jwuub6awdpb5nktcdm
410,10,8,469991942,x0ni79d31zf38dtpxlqmfrpv4r793qxgghuz7v2hmipnrha5f8mz9epi9kid3dkx
411,10,7,610771076,h3myvj15k6cyd0md6k0edweh55n5oaeei27hh9gkkaby3hb6r5t2xcjqelrk3psq
412,2,1,365858366,tdad13gkusc1a3z67gj645ch38nd2q2f38kxlw0vzz59k4asmylsxeu92bh40vmw
413,7,7,381557832,7xn08ixrwhfr2tjc2qv700teb91g7rdesrh3ky0id4vjd32lvc2csgqohom549ao
414,4,3,116838045,2ix254hv7tcbzyb03pwpvppcq1jbtjm3inh1rzk61ccz6vs3qry139cu6rpil0ws
415,10,3,406917759,pb6udibudtg5m54fb14q66rz0hsqgwio7urs9gipaagwu79s7c9mu7zfcjolknvh
416,10,3,954309044,8t2z2589vnuayid2c6xfrtqu5e0hrfgk54kn19kqglfh76x6vwpiojjx9qhm9zsf
417,3,1,611275376,w62neycmffjk5i9d38061v7iz9mxss5svhujpojlmp4sbf14pvbq7dnstuxmqran
418,3,2,11160778,bixklf9zmfdat33r4kahc5bku2n2qrhgxl89kt9gptwqa33ak6ngrsebalgcrwtp
419,4,6,412352838,tncdkmr38caoosvwjq8e7whq4fjjxyul9foofhrs5rpkj3djcadfzg73njdcom72
420,5,7,100387322,ya465v3wsl7gxix5t7pohubz3pywwnuljj21dbwwawhyb6cfpytnd0rdcwofbe13
421,1,6,50382347,zf2pciqt15jqslq2sh1t8a6c54h0blhc26un3ur80jhehyihhblxxphtfs5uyo6z
422,3,1,555091314,e65jy2ijm2m0b2kg4o30at3bpmlwayic47n0cgyin0vmd54w2ftlrumuw38ubvep
423,8,8,977471274,pcryetjudcz7njisl804wb9w0kaoymdfp927f0q0szqzesy93otfp6eb45tu78d2
424,6,0,19736757,advcdjy1keftwdojolzfhdcqzaduvk7zkd66tiyxjl4ef2y09v5kxii9dvmhtukp
425,1,2,750874021,phglsrv8twie5dbwnd5opzdu36r1onttyz1whm0vlula8nrutrdvnqr36cgbadwz
426,6,3,262125455,c9hskesefznp6mhv1fynatkp5xxd709ulaqv8zw7gbn1av7mlbifj8s4of0fnd13
427,10,2,610374995,ugf6h8esrc6qbf7uxhszn9y3mu2y8mmzf3re4w5i3tdgrdxt4znqi9c6azkocv6v
428,1,5,136367953,k2rjroqwwgcv71zduyn7x1hk1meplrhojrw0bvp9ij2wmdfnxxhg8w2mvu02f2kx
429,5,6,162120257,mxfhm4czgghp2k32c2e3i6vcb34iotfzd7r0n45t5s6mq9o81kz6lmozkapymuu2
430,6,4,415386304,alw555ddtnm8doyvg99gjkwr5r4du89nviv0pv7jkfs114p20jz329wxo61dge6t
431,10,0,242278939,lr9vkkbhj018i17uz0sb069mxcktc6k03rzcxvnxvmb1m5dclclcfuu9k6rh0znj
432,4,9,444911416,akr6r930isf91jke2lzprhxysdgau0oq3462z9ykm73h2o1eivlgz8d8v8eet3jg
433,8,6,109843011,1x5ud25kp4uusuwuzlpazh33gk2iydp9hlqfopiad0u7raaowkki2mglz3evt4wr
434,9,8,56487842,0ijoeucoxrjc6jfp6oke80sh84dxb9f9uqlo8pfb8a66d4v32ma9zwxrvz6vb6r0
435,4,1,331724714,8gjuyjjl82716fvo7mix8vd5j9y0u0wwut47wds6q8hn0mbt0z7ru6sovh1xsxau
436,3,4,835101481,y7uky3r5b32hvi4zk9acf7pz2icww4zex1xbx6i1moczea4vbofvffi8bfd77wup
437,7,0,834723048,ctputokwqe8xsxf7rqox43kqh5vimz6jtad8m2m869vpvt2if6j75h6a31rgxqcn
438,2,7,288531893,bpfg0rptv0wgh4pxtp4cyhxr2f9f503pj30wzlv5nx2lp9x7j6j09z257ooi7gfa
439,9,7,521943162,84bi2xsh4xuilqu2mlgllw94uk7kov48x850mv029ifsdb8fu2d1dfeyewg6lyfy
440,8,8,652489539,er1fryfz925qnfe2lcje9h6lggcvjo5wqdxt4j8sbnimrabsznszdypfd3jw2ktm
441,5,0,573737811,8zaphivyal7tlrbl1ccpoqjvvrkjkt2pb8t30j65t9rmu9tuk9j2hb040b4ba1us
442,6,0,715123873,jzmvkj0rca2kkn7rafy72xb595z2nge71w8u4yqiykfef3zja56fgq537sxyyzul
443,8,9,345261095,skc9w7icajk6xxnks115n01ish7we7xexd85x5mehct8zbw26o0twkz3jlg85u7r
444,5,9,439120269,8owubd45yx8hnc15oiut9qifuiyodl2uxkgus33rwwh41zhxdm95y2oggm7pxrxt
445,6,3,504315980,tlpsxj9h3m177w809vloaahh657h93u5h4ak54yi18hrrqwce8tqcttck2rl00dz
446,3,4,667897048,qegaixr3h4qaldcusloza1fl95tf03fczvtee22qzejsn7iw693tpausrjp3xz92
447,3,0,62439839,pnoi25876klk5cxj11ys31uv64wlbbx6gtc79630su27ka88otytuj38zf14f5uh
448,10,2,317139694,0eryu4dlrgtn35froj8e9fjvkedtoz21gobx4tbmqpw4k8vvi3xwa21h9q0biifd
449,7,1,151450301,u67i6064uybm4vwhxd84c4geqd20h4acbdx3feqk2enkoufzz45kbme3fscgv5yr
450,6,7,607085815,qlf8wncxmncxa39jiy6b06zwfzgslw3n3yxmi9r6gorvhmda9zpaikeo7zof1clj
451,7,4,355979014,hdi8ss1oorjgyv1u6j9hehqu5kylo6i0kg6wlpp93vzjzm1tkml3j4hwxf56uu55
452,4,7,256820741,rlo598h1bvvv9feuq7fhyag624cgv7ggon7ifsg2959m0fepvp5ohdb6iezk0lze
453,8,6,699814067,sxt3rq2meuqe28e9op7zbss7v0x24qpye87sjhvx5wplcjhhwhbkjk35tpu7gl96
454,7,8,233627953,ncrerlxls1ngdbyuuqdmkba6twymj3nzoy9kfq4bkywnv3jcbg1ocgjyqaawnwex
455,7,4,108361696,ep8b5w0skylvvxp077b7wweeazvkh4nyege3w3lj4m4n7jte7rx7gxjt3zi1xk64
456,6,8,186590333,zzv3sa1nra1j3ruytui6p68xn7luy4xxq0958q5vdot1p7vocsm7nuxq6hpvxdry
457,10,8,153667023,g60k6pu69guk9oyr0kge7ta2uv1kltho8w8ls997w8nj650zpelfjxbhy4uai65w
458,3,3,691726357,hgl83w7xcrb8en2nsspdocrpmymeu9xuun78c94l0hfqfy8mj1pfsvcbh4ahnh8b
459,3,9,418414258,8rh1unbhlwkovmpej19tk78zoljl3xfl1r1mvngcgft2u9t4goppxbirdyruh4ks
460,4,5,306826689,i0kf8mu3ukiv5gmxhv3ri42ks5ynzg1cvzt75n12nzsok4jwjuerhgmdg743n6s3
461,7,2,912319001,imuwo2z2vycall322m00o39ebm3jt4fnkkjoqymn03g57ick4gf03j57v584f070
462,3,9,670459857,njgxhnet3166camen78j4fkpz4ip1mqd3sylwoufgsimoclh073n56z91atkkjv7
463,1,9,458954484,t0tgjyot6a6f0xmxjiaswhnzq8f48omjcnnoca4nbljpl6k4lbtmzio08qc47zgu
464,7,9,874566981,msfzzcvcsf7ba2ireeifdofl6943xu70eu32c5fa0wuhcx9hohfvxoprhcqojtv3
465,2,8,860711969,xvo0wmm1ez6r3n0idur09ul1vg5urt0v93iyrjqi9xqof68ewfmyvjvo4n82nfad
466,2,9,367820820,e9drlc96l0xew0ss287lkdrk4j6fmm8081hoy3hc38cn6z4kib1bjhq8anjk0dwr
467,9,1,667690502,6pwj65wme2fp1yj540ar5jo4gydz76xg91825wp4o1pzbwoa00zmsc8giark3coc
468,4,9,119751873,v6axrus405jtjkhnz9hdfndtt672ndqc5mx9w92wxj6v917juvftojtwc1idaax7
469,8,0,655494543,ip8pctvql8klo94skkwtyogj8ybqtqg3pw26v0idpo2p75c8rwjmx6jtn5a74o7p
470,6,3,937632912,qmgnspzkpmqm6017e97kwptm11o4eiuoe3c3futiwi1fnuh4s6ytka6gbl92uxny
471,5,7,164334291,m9e8wp3vkbm2dcjneset5uq9j6w5eq1mogzb17xwvqqlyzyqvxvi7mf5qkn2szw5
472,7,0,103865281,t76ejyfddwbrsdlfx9n7khf9ac49ywfevkdigz4co8pztzy6q68brb5hl901mtjt
473,9,8,446723957,45tntndsta5gp4qcj46g8srna90wdw97f7kpoi74w5kpeilwue6nz6rlomvoizec
474,3,7,891473312,5pohuays7cn6pfqouljdddat3j4c05nh47b70oszims2xw8tjd9gevtf34zgrkbv
475,7,9,789237022,ju6usocgivgmnzfbabrtdstmtvp5xx8ob1orsohqo00n91cj0x7oridl23z64kty
476,7,1,88816020,v8hflskdgo2l9pucrqvop00h3jpwx0or0vl7kxi8etmopfxatkkodeh4v1mqshu4
477,5,2,23480609,lumhzq49tceoclfc1wumkdbawe7nwecqkhwrl67e0vs30nxg3zi8henw03qpq8ye
478,2,0,622771464,f6q8jb9lf4kct2ib9mdmt45v0mlmx4oscbg7xbc36o91uo5jfglaa9w0zsuwupj1
479,1,9,992467749,26xznril4et0cipfvlq2siujks5vpe7b96kytjameb8yq938yhuo7bqclokvfo5h
480,4,2,469363657,cka66a2hpio3csobk745ylys290y2n76gl0p7llpmhzqxlr2zsh98bn02pj5vrq4
481,6,5,262407667,uus2gyykhnunanudm2p2oko5wgbzgoyiptpqmssrvy9qv32nkx5hxdur0flsq75h
482,2,0,718047235,skin9htb4y3twaht5gy6nxs6zkh9rhlzw2kvpcyk16k69mgtu1xz4eykbrrslalx
483,4,8,158121486,zmp3ml1ok0zsntxvfjjvnuxxd7jj3osu9pjkihp6iu0gkqp1wkvp2iemp9zgxe15
484,1,3,145307533,pjqapgrof99c9h5m1b425xsufm31ayjyugle3vvfeu8yve4ez44zq26ukvl8nsmf
485,10,1,479341282,nmchh57axvvnccqbqnmhbxy9lvpgciqhfv774s6jdl5qi6fc9yuuqqkyj273nbit
486,4,9,960845870,w1avxt01rnf20otohhbr13pya37fi8r71duq6bxfo7cz3jjhzeik14oyowcvyoqs
487,6,7,697721803,pqkv3gfegky7eufq1naiceikrnbqfogfs9thoqqutwqi2fibflwfzmxh4d0j2fua
488,7,7,193675019,ffuboechrmb3evsvzcy61skvzflbfhgk7a6vj5lnq4i2up0ldaccra9ftl2k4qhh
489,2,8,452164429,4lu1d3a1w7yf1mu1o3nsz3wrhgtr5hlnvm3khh4yi0kbezgcv1z1ocakncizuo7q
490,9,5,406804653,w4g5v92eostyu516m5hqh6g4zgwk272m24amh9sxpuiz9qpp965g9zfqpj17pfj5
491,6,4,247811272,xfsg4dpumsevkplci29qk5guxy9u6ekk4bkr8uu4w2l81sn1logsy7djni3f0cf7
492,5,5,672573541,f74rsv9a8egt83j0a96ncyukump9ptv959ts3fdc8my6z97jt3gszo4dlre82dx8
493,6,9,1807921,dx9b9xq8r6t8ksvb41j142x3c26pki02etlmt9w3tctjuliw2q9vvbgz8i5spncw
494,1,1,721008617,9a9w04hi2nsyjztub6u7k0y6uzscaf3h3d3gxh50xvzxy05wmy31pjmbu9af1pz3
495,2,5,382049103,inovzx1r9wuic670e3sgyu9seookqcr17hqg9a457jkks75kr3ngwgkax81xmh5h
496,3,3,117204237,1zy91903g62ur3ys4l3nzb9n0qhbvc11javna2uj0o7apxlnzj243g8gug1a7rgs
497,10,2,544616674,k2hsthm081al6cyn8tbxaacv27itm12o6kdmbabpwo2d3lgmmq3sb9pvn1bd09on
498,5,7,510353036,rbwyldfu0jvd9u6feq8xl90pe0jvoehku4ei7en51ooyk9ea0j5cppj8rrakhxns
499,2,9,696853472,706s1ugujbdqbio5cehu7v5ocgcesq4r40w0ee2xxl6bnomulj8mbxtaxkpwdtq8
500,8,4,951980890,malz3ebbyju88fije4r51y86fm6wccubxqjwvicsbmmfxcy7p2jnj0s1yqtui028
501,1,7,926141543,6rcak7lf43gcyt9c516comhroib95muxevtbnkjomemc66mezepwwuh3nnahsemv
502,10,0,47841912,fzrupl1713lacmqfqzbftqc8ri5i7meskz40wjut6f1m9t588dc080b5q47n9y55
503,7,5,5581705,6phsubsmc53tfx23wmcj6eqjx68g7xe2bkncr46nque9ciessmfh9mb71prmolbt
504,1,8,651050313,mjmvfajxmflejrqh9q37nf5eyg4hzzlklhimvksvv4r40a9sldqxvp4heqxzaotg
505,3,6,381768949,rv2wau148yadc2rvcoe21augzlnoc2whkr5ce123i3l4ptghcw4uuryvkpfj38wp
506,8,9,697176213,bbznctprewgg3w7cioqe9z6nbax491t1f3xt282u4oro8re3t616snbne49w3fce
507,5,2,551287295,8nx4rf840z7tp3c31da64hteqzlyvwxxccbozc31k25kfr1pppgg4igoy5nz5ngu
508,5,8,304224836,dxz3sxunwxmlp260290qyagn9v5tweubmdgm412dfenbpd4jp6k20338fszdsudi
509,8,6,383799264,5kvrp4xqt99017j0r1w4hfat3k1ju1sk30wzv2kxx0lbt0ib2iqmi7reiw0ed6zi
510,4,0,338395729,76eyukias7tbp41gveomolmb3lml0kv0vtuamhcdy489t6mwspo53qqlry3ill44
511,10,3,214944071,3o3iiunsxde7rn5q6egiq7ox0wx018qj92u7q6zxy2luo2rygf7l9q918ed3vml2
512,5,0,343297892,fykaumvbat9wxye86k46v6h1e3fbcbfdnaahnqg0ka21dgjbw64nhyctfa1psxka
513,5,2,553012850,4y0npvya0cmr0z9j3cjxdgs0c8mybfpr7uevgk1fxv8ynswfm9ey36k0szx839ip
514,8,2,596384432,ayte1jzzjnb115oko9ood3wy1t2fpvxkdr5pfce17drtj7owruicxn9wif1uiz2a
515,10,1,324865325,wvhg4m8onlcpm4lgd2o9ko164jfgwtdduu4s9cdiagyt1vzq3nezkghs1cb9cjfd
516,4,1,888381016,y3md8gql2g5oihttd3ykgf5q1y6kzrugeje3yu6prcdm6f40owuxokloofgk17nf
517,9,3,313208111,cie06737pbrpnm4ly0dm3zzoxp6mv82hhae40ghe52jt0krjik15mwuyc9g5t90t
518,8,6,78852645,z3kqfcdl998bktg5ubndvteggr8ado0c6afqmms2p7lcwenhlrb03om74t1lnbuj
519,6,3,234306246,l3guhbdja5h8a7evk41hgsiodhtpxeykdy17mdn75uqymo0ojuegu1f5pwrae29r
520,1,4,561871646,r8owrf12aztcxuztj5rglwzimm8w96huyt81770p3mvol97xwwijn7do27q5gcqb
521,4,2,522335131,4h1fmzc0a4dsyil2gcn37woam8e1pbcpiy9kddu0i79japp878vxv1jrxvszeznz
522,3,7,672664680,h5qz3gc41v0bard34mgae0k7brmvuqhdsbp3jisb7gi52cfbshhh0plc418s70u1
523,2,8,701515889,54pdbszhhgl3oulruishs35jvg7363btclc1r1co07ilmv9gbl7a8w6q1ubb0qly
524,5,9,789387552,fk5v76gknrrvjzcorqlz7oqm7dc3hi2cfd5772has9if0nety98ggz2q4paaewaz
525,2,8,788380493,duwjqn0r6r32dbl8b7vp4cqtp5yq2cdihl9zpzsbkiflk4x8gqhu7zi3fzdautgh
526,4,8,101855350,5lcrpld3ycur2sw47606frr3nv2ijpt1phfz4d8a5sd0f1d1yfzipq63jgz5x8fq
527,4,4,570680442,olznf28oe8cy4ilvveybg75wd3dsd8mxo7ai9detdtorznbvtfgzsilgzbm85f0n
528,7,5,170784961,38rhw56q2r86l3tu02s20m3qq253k6phbiscnscs5itv1iuwie9qdhjf8dqf8jlj
529,9,9,335086157,havt5yzuj06eggs3dgcwkdwfraz7b8ztkadupvwi2bkvk13lv7uk9l7l34aqj50u
530,9,2,432048997,zyttetcfzv89c880gklix4oxse0wjan0bq52tibkv3x27t71rtzxwkb8e35gyjb8
531,7,4,21353146,to9mwfx6ji5edsutpu63tk9du23no2m3pp67muw70ydh9cxvl5ueg54uoq66r3vp
532,2,0,535104256,w4b4418znhiqp1pkcwre8qkedzrfxyvx9m484in3h1cqa3jsldbgz5qqhh7sdqjs
533,9,8,638295083,0qj6tuyt5x5xofuq7hh9tb2w2o4ssf5p0pibysawoxajzle7l4yjzavtoprcvhb6
534,1,3,373885276,qz262jiwz4ec17k0kat9dcatgctkigh4yhctyz6u7dffolz9vczxmhr65z50y02e
535,10,7,182745104,jclp0ybd2jieorm2gzndjswfj3vt06ti2b1q324lv1w54c2szlpebse9cuy7ppd1
536,3,5,165929733,m7cobg3k4bfwcvhpthw0cnmphmnop1f85b538f8isvbm62iimy9c0hwv1rsp41v5
537,3,6,943524814,arhl40nouwkhn0qrb6kbf6y9qio4lixd8le5ronigjidzbrez81qzrdrna9mryb2
538,6,7,901268532,fek2c74tueatfwkw47wlaqivcx8mxcclgimg27mt8ecxfpc1hjf7maj01cch3e8q
539,4,8,158141826,6dte2k3mrwpirprxr9olndbqgvgluemokz7tlis0xosubmidau2wsfasobzl1a17
540,7,5,397214516,jsrxb4jpavjdpsd8lsdw1s1u2immr5l49b94jor0afqndj4r1cfb2uucs4tlyw4d
541,8,1,9471995,2gd21vzn1ly73qsgulc4bpogdr0adr5ghb736mkq39y23rtalm5vy1ayn3qr9d23
542,4,0,9608097,ecwykaj8v62uxdyn1kovazc5brxkhb18mxw3jx3xcrzamti79ddqikyz280yn8jw
543,2,3,921504389,v4s5vxbggaexf9xfly0ivanye7d36ogpxpg7v6kp369rpht7kc0qikbf94n4k34x
544,8,7,565961539,liy1vzv81zkivegec5phezlrnwosj53u3pxuupafr0mwfp66bm6hv6o04q0f96uv
545,9,9,271043974,9ezbhccf0eabyjlas68dxqipyzfjkq0pzulnhlthtmz5s4xik3jsfqb3autqno61
546,9,0,519398633,k36drjkr06gy7lhw2oe06ew0qsnrtiwuzgjtp5jx3onmzm4pvphxr8vanyi6i8r8
547,3,6,42775071,g7pogm8ixw8qxy1wolc2ppfr90m3ovic1s5cel1b7avhja4g8e21cf5yfbb9dvtr
548,5,4,406692575,4lpuhwdcbre48rnirygmfxar1v9mqv73b72fmhj1lhk96j81jru560ctjcn16g1j
549,1,9,193034912,gx6yt7it6xmvkzqckjly6wcp4dijjco8l7aaapwuwxykjbyblxd4wvkbzi7n1gsf
550,5,6,69096476,grhjqedant5ufp2gj00eruydwbpleb9t1to7wndk482avrmva756ynqwfnl698u1
551,7,6,40915045,kjevb5ttw0dxjj0hdzr25i2wj4k9nmy06g2tc9ia0jgunud7kwyjv5tfzfy5m59e
552,5,1,839540286,cljc20p41tt7pokqfrmvejy0mf2ulw0ymmbkix339bvwd2kfv4cn38cw23olpvhm
553,8,1,142864281,prhrg80d4n8gyt91nmtu38z8evkzfb84mwdhos6s2ihqu6gl3704tbkyu9fnj9w7
554,3,4,857084813,dpgaps2jjn44f1yycnas7eaazve00huf0s6qdq6aew56vqldo2ghybi6c5634ue7
555,4,1,801332029,1z5onug8ngt2tu284d6h6slgvwrzwvq63zziyuwhdtlgcj4hpwfc4v3fbc9hkb05
556,9,3,294926203,laxpubpak0ep1z9fmuxvhzftjot0yc7uvf6r5t44s4g4z6oohkzxs8u84bjgtif0
557,2,5,374719943,w7iou6ynfdshekhtrr98w3thg52666nyg8a0qc3a37yhlngj3xt7t0veyurypqjx
558,9,5,356444461,8jv0s1hc9xqhn7pxznxzrrkjbo7mkgbxs2o079neagsu4ew2jxgmf904jeic7s47
559,2,8,379179477,zwus93sjxupe0pnctal5a4ba1qf7brm223ds4x2r63w2lgk49p6pf2d37d2vy472
560,4,8,997065587,6ecij8sqb4339z9t6iba82scghdhhkov4d7r1drqykve73kfvdcfu960m6j1a3rl
561,4,1,408143661,zo7eotujbmglukbw425u9c7fpgbluma30kbw7wi934oyxg5ge3lf7dzxkhus2vae
562,4,4,368768945,4du990tszq9hatmzy0rkfyh99d3hbcbp6hl7o0ptgn4ncjdoim4w8ekm4vt3wxoi
563,1,1,14098014,pief4wzjzdfun0vl3sodn9xg3paqal7c36ho2loeolq3rhkq614ow8tjpuubcx0q
564,5,2,896931654,yozp31k9otvzb1it2lhyl31uwntwbs7i636xdqmengi4bu78vghe432vo9ohvld5
565,3,4,640495482,4ztbtx2qknnva4sc62esnd3d6mfbnqi5wqtpan3ok8px9kozkm5ytum165qa2zoo
566,1,7,85727612,asl6x2yrt7dm7ln5obj6iaj9o3m3mqh4ek6esil23vq64xp7ol1gh97wlte3et6o
567,6,9,754790239,4w8ur7uc8wb7w290stqw7ifxwdzxd5ytiv58gp6ym7x32i0bpwrvcq9qvs39zns3
568,9,8,424730126,vhznh7m7mejr591tu3uo7bk1qt7e6wkmjm5puaeyaavyce34ap16h3hf1mdoce5b
569,9,4,409191653,tg0lmskux3wwd2yjtbenxty3b5ef8ljvd8kwvx9n165c004c6ac8j0ikqban3v1g
570,9,9,398893940,9wx85t41wo1cl5sh8hqyvg4zpcxmjsfx361lmes8w17nay8dxhp1yo7hhd56svyb
571,4,4,895766463,0oc9dvgqz4n8l9ks85x279gdwsv6c9oattaw7j9pqq1gddn38805cyil2l0cru52
572,2,5,488144747,wogti1gcirid154rr36ufeo9ymst7hv6fa3a1nkqw1tpyhdb8spki5x98fmr05qe
573,9,9,533841767,7nfnwk40w60d4741xxou4e5fnvsg38775yzxgcx8sdte5pz4wn0zuxy32arvf1fy
574,8,0,753222103,xdn07yn6avwrh0u3q549fogjgz19ag5rmq6my3tlflwbx5ynr5nsrc6f536a977o
575,2,5,386277918,jnl7e9zna0astd5s9squkplapf8zvilr8yhedfl2zh786dv312198gvn2kn7aumj
576,2,8,381362041,glloooqw78imk1ndu7mkszhwgy1lieapjqowu5bg2hs3bqwue696bdcpqwbcvcvf
577,8,1,917886847,gq4k0s53mchi70k6olf6k4c22qz0xn8e28ot4ewuum1vmbosqbnh3mmktpxuz38y
578,5,2,956729317,n8s9at4r6b4kq5crf2d685y6scpeys5b9sl332nxxnnf7vywy3ynp44d599upwon
579,6,8,572546408,cnb2nvdtl0wfsboupkzmfxggz4qprimzwle7i8xpp3vk73x6o1acao74d27h9ca1
580,5,2,322576140,geal5ibd65fcpkukvsnxs1nmmjrp9kvclb9dusuj8ukbdoxzgmed9q9a6l1olr7j
581,10,7,566929619,hyfhhhhf6k461wpwc5unw1pz5o114ufcqgvj06qxh3oel8ama5h7yvnmcliydviy
582,7,7,785377304,7j08mzjcg4jg2ga1zqungltco4f4wha7ucpmimxrx5lu4s52w3oescbu2c1mb323
583,4,1,785933095,a5scxz4wxxj5uw947tm4nwks82zgcutfp7wz8c9i1sw09xlvhscafa5r83agsz2q
584,1,4,589010687,8iivve6q4tyd3y7cnrdexr3mujuq3posmlwydi3nnu5z7zyhlkg1b8pqvytv46my
585,5,1,81975217,1h7s4qygqrcctkc1kgq6jyigb278n53hz3hx5uj9mz8c0s8p7nd1dq4gjlbskp28
586,10,2,892108919,ltd2bi5qz93upvt5cvknpwrwkx3ia61cxjn7ef6tzf7kof2zcl04760bwl8iy1s3
587,5,4,342796197,z2v38q8t1cpohjyf1yaba82csyth8urbtp5jn619auh4ew7fax94toifokp7gz10
588,5,5,597579619,l138u5l662ox49of5mq9ams79uy00g1bzrmq4tim9fa76jnqvznj6m27nw3gb0id
589,2,1,347685101,raezr7kwwxovz4xorm8ce2q2x0kvil92v1i33jr9oph1gea8r6ew2j0g02lh6bbl
590,5,1,280592602,28dar9fqqy70yyllefx9o45pvcnywgntnihlkekh5h9z8wpyrb3ffxrftkb5vde4
591,8,8,47510324,dilmht6s16gtozh3qe7pq4pb760bwcff69dtb0eks3nbk9etrkt6p7w4vo3rzd9p
592,2,3,975411594,iv8mfzer36zk928emvvszrmmo5tpcxwwry7s2v3i65llthunkgg3qwlc5l7ytmfa
593,10,1,47063790,vdmlbbvnlafwf8ikdwa05y0m52e23jccrj30wm7x12ra0g0vdxf9nusxsn0tt12j
594,6,1,308766363,5qeglcstrrjhdewbzqgn9g3pvj7z2et5x1m0xsuegw6mrwmuf5ejnkjanrnaxgcv
595,6,6,609342775,bl39eg4984adbm3hb513w5xbz277bkkbikjf9qzkqzdizw53822cl1eppi95c4ac
596,1,4,531018020,297vj14uc28e2sm59x8td8wbcezu8b4eyhs6wgwah0c5wezxvlepmjzpqlnbij19
597,10,8,506857989,pl9mox9igyl43oavk03k6ib0fqul5b40hitay24olt4srqzacu74tg5if1mxwhv5
598,3,9,472732927,ugkonk00bicbq2vsqrgxf8a22ma9xnre0g6x6k9t25dh2o1aknz1wv5vmmnt3vum
599,3,0,163941730,thxb8ogc5rpjo1o22a5p9fknm1b7vlef35esvu61pq0lgloap4xhrbtdjfsdpyyn
600,10,3,440359670,103tmz1v2pbr567td9vq97jhr4scppdl7dk3tntbrti61hvu6ryx1uc08pgijmo3
601,3,8,565245053,v0kj70ajqhbc5sgnecxgu92xnwe1rejbqiwehdb9hnf98kwi9vwykut8l82fjzfk
602,4,4,707631593,26wk0kwrlgqntx6la6ugeq3r4jvwr8iv1290skbqy9jhsix9jx1ilzp26807wu94
603,2,4,639580249,uta7gu3wt79pxb390mdwxpvyog7435delnfqgn3jp44kqdm74cc77n2e0qxwjvxr
604,10,2,981284571,36aaaklz9c3d51z4419ckhtr9iaqbs6r5sjwm664ocoi2jifw3wensfuchqxeect
605,9,0,31193923,ud9n2r22anytt3iyj36xj7xa39x57oxfxzios6ml99da1zc5n0ma11g7vydhe22i
606,1,6,994803163,c2ze5ql7tcbzsbtj8kv4ko0940uoz9dvuxjvpym0qnyldb848ni0h8its9no745x
607,3,2,955908290,9bzcwao1s5x8p9b1bi5zypdpka8ai97ossnsxqup84p35fr0y81nomudytcoc3wz
608,5,7,597350179,x25yxps2c7aeku6ugtw260pmvd032azdcxo23g2m2mujnd8c49skxu6en67suhnl
609,10,7,632632741,brwfzdfuucjadq5xk2oc34u4o1koid5i8n74bxm63kyfi1tyudigt18buq19dxhl
610,3,8,850290879,a4wgf9shd37xfgj3av1t4136cqwjnm14b8xw13s4j4uowjb7ope3geje8u825rzh
611,3,5,679312951,ijfq92yk16b6vg05901qkabg1v0l77n7r1bwww45l1im2tx6giyfcxmvjn93o629
612,7,7,122278385,fcmvmcz83tmcs6c5lyarygy0b6heipcjhtjf8bypjdv4sw0ulr31ufw4twhgkqbe
613,6,0,466054587,nu75o1la9rvu3iwld84rgprb5spop04lfwjnudh4qzpd5oi499kmy6eafdto0dpb
614,9,8,282338800,982l9cc02kfy2bkc5ans100gm3xm05zwm4m4i3k0j41vb66emkdtsvyif43ql7f4
615,3,0,601788717,m24n6l6p6fhr2xedih71c1rijyrex4sq6seqk1rud96zmkafr4rrqnb97hvbmn6n
616,9,4,16054549,9krwc2mbabe2nzuf40wnfkwngn3gi1ygw8r8k3fmsqhlj68eq4lv86pv20kkzrns
617,9,9,663073231,c6r26ljfanvo5k0q9spuuyze35oph48qfw1t82al8xzqoti0evlxx7t3d193z2yv
618,7,1,883980760,1gp0q3tavo91rx4ju4q9brdx7bak5pitradlpxu29xetd7wb9wplw0e5pfuiau8k
619,1,0,695637017,eu999zti6wl3vtunr13zs80anfge6oh5lvf0p9pfwx78k7mtmr94t2vz1qnl0l8o
620,8,7,995119078,6i00bldtobshm98dh1zp9s2eopk554prnzr7h4v30fl65elxndg177w0ibddg4xa
621,5,2,110074792,xp9g438ypjx7ob994ro8wbthnbjtr7dsukjdj2d65uvj11bqu1f06eu8vm6fab4w
622,6,5,969178479,klsvmxqmpghnyu7kt4zb23fwd3nyti65tgyxplv2bj0c1fy0olktxis218c54o8p
623,4,4,953819875,kmvic7d9cr5e3ipn1am94r7nu7sibb5sxohjlde1u6o30r8d3ik1bokrew7oj7pu
624,1,7,844575475,9ueuuhixbemxdacpy2byotx6iu6lupoxuo0zmwnrp10ocklg20i8w178buq8pxwo
625,10,3,810561037,ye2lk0z1x9d04zgj6shkr0hchupae96gvcalwtgoojwihldlu5u0pvzrc4r3yftw
626,3,3,751725879,88ryjquxdpka2h2fu0kvfhsv9cyubxpqttg1tlenez42wrgtv1rrc1rdtvb31668
627,3,1,136708352,rrjcd8xnjvwtn6clgkz4k94e0cswrw1xssmhhzoc3nvegijhtfm1w4vy8d1jhw37
628,4,8,654240808,ty70gfnh4dhx0mzzju3zwrw37jmchyzqq19av01aqzofazn6ny7btmsganucmgu8
629,3,4,505812192,5hi0jecx9acbb3len0gjgf3triagk2c8bvqf5jsychwnobmfznn81m2kq0azahhk
630,9,7,108157942,b0skh9zux1v7d156r3wyqe2fobk3hjmp69x2w1meq18it1n0xqm3ikd2cnw9mwm6
631,6,2,747983605,yd8ad4qhirmifb5l26rjxhnscuzw55ebur9a9tgsnkpfh66nn2aykvcnu5sr6z39
632,7,9,323971590,kbt6133o30hqsgh1s5jlu79c9ck53ljhvi6carfug0qffbmi52v52k2v8uvgkao0
633,1,8,569070033,qpq32rd4vtt0b52fkww8urwhd90j27sked1usc27o4ob5d5gfczv6lwdc5knp2f2
634,4,8,485618930,iq9tajw8vbrtdozcqwokzdplcyrurmfrpme1hz7qw49krws66o0jmzbpy77hqvfz
635,10,3,524306812,8dyzll53p5duq8784a1ox92oh7nqxok4j7cast7kgke7ow83v1kpgp35tuil6qty
636,10,0,289789865,kl69n906q3b55oi50q879ykavicszq161xxndfgnd0pk5n6qbvfiyfm6tpfhaeoc
637,10,7,393652986,e57col6zwuxm56z2e9up6lzc0rr9755zwgmqve0nrujtrc72az1df1rgmjd7yr7p
638,4,5,395305702,q19ieugc3lmfccljimuokmj4tgfqz46tp0mr3hxy007u4okanw01ife2otme8v7a
639,9,3,311697792,304hekg3e314atpa4lufak1ljx6bh9no684c5fx76vspewob1eulftsk17ur6k5w
640,10,8,178595805,mdvu037mw9kqo9qfjbshsuqlv7o2461dl90ptkmmcaz1y1k3zoptf45q56k9nnpe
641,5,8,807825546,0tcmxygm08qojhr0d3h03qng9kilzx1sav1gu6b269hxq0x0cegpojyl4tkioymj
642,6,0,929835501,vt8eqh7w8pztujtbw79ea1em7tlwst533qpa6fkvhj8hj3ozflvixqui7w810872
643,4,5,541377237,1apz9ggnix0jn4he9slie6ch8kc91zj8wq6pbr0ci54oqwws09ixyljic7p63e10
644,6,2,650568813,kd17shina9dqma62w49i2dxwb26i4c0rppu2z3d8izkkn6cdjvgver48rxxkkb5d
645,10,8,909302742,q1ypzl0u67z4waroz0bx3fwadp4ih85w6h05qxd0y3wmifdwy0a5mc3k83q34gfc
646,2,3,8509750,8qkjhpew392xqv2789rivwz7bmni6jfernzfis35is08wx8hsfxxokrtxd26hco5
647,4,4,640214291,x0hil1klj8joii7phj83d1uhkf5bvr2exf0q2ybcndtqjqizns9gc3vs8rjj9ztx
648,9,0,301859614,hajlqrpifviasmewm4lww4to172sku3m6vwosbvoagmzvszr0768lwnrtwb6qhqi
649,4,8,865311531,xu30jp93eazmq3se38tmextreukg7vk2pos0yusv5b48rz9u46yy3z349x6e9yih
650,5,3,310154918,jmipzm6rhos5ae3clqwnt0pmaeczqvu7f1xdlfdnzwc1rr6udj6jnhi9ka4h0757
651,7,2,797605004,jb6n7zycdemlc9t64u5g7pz3o1lxnmk7g07s1kg125wwy1c0l27y4kl7xxw8pxho
652,6,4,172360548,ne409tvfn5ehybgky95cf8v7m69d5pgszzyzzjaaxcu17n85qf1xudakx8vodil8
653,6,4,386099239,9vupewd83y3cdb5u5zfqvl4v2shcvzcww12za809irqo9zoed5ytni8tv8hmm1z4
654,3,4,906850314,0vujblisxuxtx9hzbofnfqqafbv5dahpw5tnr1fgn4l4tgxbzmn30o8p7hwtosi2
655,5,9,485677503,kvfzw9qk0mndgxc42ei8vh45n4jzcuhk5mwh3zrnhzjqzkm0y1mp9v8rbly6cxau
656,6,3,307550317,p5tqecigi0xac9z7n2zj6ao61k7ppmlfksfwflguvtp6mr1hx9mjvoj5fiej9jm7
657,6,6,867416395,lp7i6qulcx5kuumz2mrexdkk0220xc5f84wdll8h9fwpez9rmluiqjj554kc2dg0
658,10,6,170242306,qhg1o0dv09q4whizptwua6w4xh0ichmi6dgdwnc87p6hzjn95dicbc6fcugfltz6
659,10,8,211472063,0hx6h2louvt78j6dpw7yjr9nxl5ieon1wf3u1xz1pww6vlazv4jfq03lovgon79m
660,9,3,251808572,z7ydc1bjxvejkn0qc3jd8lak5jiuzrormdwdtahrmp2750uqkfuij01gitj99til
661,7,7,899650613,td092j24xygf6whzietie8cb0cmyv6ihbhdtk69owmtmrnedn9azig1idzgp2bbj
662,9,1,152935855,2owmr3m1czyix4xnhvw81i1nzs6ki0qkt00w2eyiohahbfjnyerybmmjps04tho2
663,6,5,411276960,12uh1ux7kxx0tgd4m3y7169luygq2c829nv8i31316u4lbw474v1opsaghmamgoc
664,8,6,735242965,mgpq0v70mp1of507vpre8rk8hc2dg6ap7ejdide4m4bnlgpbgfsw8kfgspl3qyhj
665,2,0,819275035,9apbth2q2rrpwneisqzh3trdqq07jdcxf91fnss0h79yaiwkyd0r6kzdweds887a
666,8,5,743104017,876jt4qyviu035so1rm3ww9liam1qo3ch44b8pumysnuklgyupov7eu7oht6wfod
667,2,9,245844352,jh2asf34jyokwdkwkew438ic5auuxxwyerer9zaze1j9t7ncjary9cxqxeu4rkif
668,7,6,179093207,4x88cqevr218f6q3971mi5s9ylhvpzt1x9f18wynxzgevclma52m2r4cu2y2bn6h
669,4,1,541565704,0tb5083da8cqxbxd06pwuaapgble4k35jbeg9lzf4f5x31gh3icmmu2hzew6hxva
670,2,7,856167312,d5fy6r0fu4bsvsmrggseyvi2qf8kbh6zznfmwm764n0c2w0q3z17ijy6viezg1bd
671,4,9,968607672,0r0oms6vb8q5occjy28jhh8l3949q5ceyhpnif4l0bro2o5ib102bzcpa57guaga
672,5,7,235953545,y7xz9h9bhruk10njpv7r9esx1f4214tly8cjjxd9iix6ajbjs0oskj9u6zu1iyou
673,7,1,795422756,3vhbdm6yk9c6d54chfvifjbcgar5wpguiupknx5dno6g97fk9yvinwtxo1saq8l1
674,9,5,188815423,7wd17urj7rf18wybqxelwtzq5g1mw1yfs6h5c1oc67rbfddqvjieing6uh7r1rhp
675,2,3,240532987,y8cnatbtijzn32zjj5je1p5fk6cr9lt9md1fzztsqff9bbhttnhfnb4p88l3r8pk
676,3,3,846599059,mts4a6fi3hpitgb2y4t3z11pun79j4qyium6gx44ajtd9088qh056q4ek83hwh1o
677,1,6,826417576,rgblhh7jjvzu1pmp3kkjgs70ozz763zws25dllgt6o322u7ufkr0qk3ee052quog
678,3,3,111679893,se2zk5lw0q5rjkx6bptevx9kgqbuzh545m1oipcvtdferx0kuxhdyqweqfjiskdx
679,7,4,895369213,mxhq2id4bqbmf0dkjerndafngkod0b1qrxsgrb376nqdyegj21wr4wf78jj4rh21
680,9,6,440153017,27ykh8ned07g7s15glhtx78j4622pefikn7fdu1tk9zjgkrxxrmnu8zci7p4qkm5
681,7,5,66491270,9t8c7cw8ohm9ljmnaf3ygrm0toiupuwqcc0ha60zyfbll8vlga8o5tbiyra8gpwl
682,9,4,139510729,ldiki2cjegsjiiymnvssracd6s4j78u4d1wxlu2fzo9e6ptunb9w966t3l7vdeaw
683,6,7,888673428,bygh8i8bkxo5m9q1yqoxf1rp0yz7sj63bf86zu5lwp2o98gd10mvwhuijsrnxths
684,5,9,507917087,nrwokw8x76dmzp4hi8rfr1ajw59sn4wxljabfryy1b2a7taypodfv12p2b2nwi99
685,7,8,195234745,v685b9r8mv7b93g9gs8hf5vhnup88qhf4jw2366dc16nbu3y8ubwp4pebz3ep8tc
686,3,7,119545198,uc86e91qd3p34d4fybeftcprq81rir55fbgsw4l4px0bmc7y1id9zp0yvo8odfz1
687,10,9,833159439,pzfu0zmjks6l0vpch8szzu2z2h0y7x1besro629am31jtm9ne8mxqme0o4j29fsc
688,9,9,687194861,egtqxhcjph6xog69ki67v1p6sucbh79mifkcnkykstq89gazs0092dw195f9la1b
689,5,1,376209353,k635m75lbu9n3hfnvuvrwps7xkhu0ufmr1t7vrm0vfrfhfuoy24o7w1n6cn0o42z
690,8,3,350192690,fdibt7qj2ae9dx36t7hx3m5ffvi1cqatd0xb7v622xrra8vds0ves6moms0pd8ud
691,1,1,203176931,ujokpppoglwfxfiruy59b83vtqlh36jk9i7yk8nctfpxbwicsfevrmmam9acttgs
692,10,0,856991197,97rtjt67s8w0en9nu96vj2tprngddw3j4l13r40vh57otmudavoaypys9mggz12j
693,7,6,268425319,p28ljto421mifcpatbkhg7dtx697b5vlflwhvpo3e13aokam3vqgf9dqcla6dm5o
694,1,1,910271586,huou2t992sxolvu70t0s32tpf2mq7jupz3ixrkpj92kmp2zvzcrty99aail21cm8
695,6,4,911220635,upcqdn0h73adejqkftfrei7bxz3shxhk4m0eeakvtki1zhueky5o3p7h78y6jxa3
696,3,1,738473458,0qlyix2glsengmy4c780ebmddnxji3o08yx4lbidk3msnothmcemjnx9g0e9x2b0
697,8,0,299353838,o8nyrfira3ptn1fwvhhi7e0rzzh48q09m0yifjkdocb27fiouxmtooe7bq7rxeqi
698,1,9,25774875,8wm0rhahsyj8j881f9ki240gemcvebahf9jr989jggz4wz0a4z9m3mu7os8zissj
699,10,2,684000694,5n2jwfh07s8phgwtwljp80nvksinb719gqtr86i19v8nbcihvn0jcabalw1ceyqs
700,8,3,380974219,6qabe0p7cj408trx1n9ma3en8jyd03oydoldkmxh94qjh1id22w2i335omkcfoco
701,9,3,845730063,6ba9tvi3w9rlrgglorv6asyltej35skij9xtw71gyo72se3bflispcvhkxwc9jpt
702,6,5,513852750,3dj6n0k6mjg6by8qg0b7i1je4gq2t45j9nq8i4ock4o7h0sk882y6n4n30agqu2w
703,9,8,523532601,mq21g0a34sxbsc6zonsf2dajrek4juikywmkcg2gnrupcjm8j2947mpdcbuh60x8
704,6,1,111431195,6cjp0czal90bvj1qqxm6kx6fxjgoz261vbd41sansr4wkhjv3rl1emqmgtis4p92
705,9,0,85969992,r2xge734k61gtbdaaisn87p272lgmi500zn1yd8t7f84rjvx58c8wnui59dpea79
706,5,9,804856924,21vvujl2if2ak6qn9pbuw1zk7sggitq5roi7j9b6m5lvoqznmnpb6l5tx15wiccc
707,2,2,266347602,llqgiljj9u0i9yb127qyinhcf0oof35wa9dfv13r551y6zqrvu029r3i006xarwk
708,2,1,289292669,81crr2yrxj1yrd5317qua16tbn7lq11ht5eulrqgvq5k91id5hgukru097zmflg3
709,7,5,420624529,lsm54tdll5e3ap7fhakjogxc1dwftfbyaktrblp5jn4ergt29kqhmv0hio435red
710,4,9,157423725,fzr4nv84b8l4bmw21dwwb0g0eakjwjoli672qp4amdv6hjo96zk5ka6kf1k0bweq
711,8,8,213629032,8dfrczt3wvzxcd35y3p22miwjms737ikuv05qkxdqyhqbdo0p1v261hk0f7f5cua
712,1,3,185394260,f9u83o0kxtv2uakjv416fht3geap78byd2tplk8pn0r17h471xuqfp6b3tleaiyq
713,6,7,186397762,kkk5ncr9rbu41pex2isovcm3n7dc3b8bbrvu3qzhmi6o9u80rfd6jh65m5qinxwb
714,7,9,491214200,2zwrvrvvyl0c3h21tymii5b2wtrt0rrmaatek8075arxh7cruisqvmuoh8ikqau7
715,1,9,405348736,odd1ldb3un7ja0j4dik461wt3ljrp0ynseiuedb4wxxp58wwcpyip3pa5n5zl93c
716,10,5,125537839,bk3lkt8ufp5bidtvog93r6yvlznv5lizs5qiykkemz5sue3cy7bnh95878krq005
717,4,0,565393858,u4515detg5coub6d5tkf8yva4wcnj8o5int960py9nbz67jtshxgaxwfai17l7fd
718,2,6,665967965,z33e55e49pg8re7wjphh95fs7y6rr2i6cupmc5vhsgcaow4kpst1q48pye53rj9b
719,9,3,765404546,ykv4ctcd349bjjw10bp5cb0ccmje5y0yn768qd72j6oy7zbhmhasc8vkqua44w1j
720,2,1,399632977,qjygzwphfx59m8ewdx2v9uaamzyjxos4yhw0qd1uo4kbwdtqmowc8nkxgvr7063p
721,1,3,537026868,u85dy5eqn1e17omcp78lyx7ftfn0yjptrl2up3xkscid1xfibvl1s73avq4krrfr
722,1,6,412210867,ci09nbgyviwf9u9nui91doa08480vpcpwxu5r9koudl8tx6p525bxub0kxejh6aj
723,10,0,108853871,jug7owcwpiukls8ttx6u9pl2x48wcrr5jyqz0tnpbr2j0qc8g8vxutj4xi7nwh44
724,10,6,592187980,b2pktryfx1alw5gakkzkzs88x0v8yp7i0tt5v1z2un5xgllxf1kduiqsosuabkc9
725,8,3,198795045,bnxoabzl9oewu24dbkg3ry63erwq8uvr4fvzdx72ymlas39w9e54tmyazczw1yrp
726,4,8,460976372,4jyrh1fc4kpb7lihj6vr1npfisyawrr32fg92q96r26v98j2re7e7fypxzi6nd7c
727,2,4,231519692,806z4kgmm1lsh4l13kanshvovr1ocg7m0kwoc5myf1c2dlgvq2l6d991ngnm9irm
728,8,3,187818702,5lboq9m0wt4qjhxogq3ov6qum3498gclvf0o5bhxc6agldnpumy4g8n63ytgo6cb
729,1,5,790058753,mg0wmz5jp54lqfxbeowfnycnrq8h80bp0i8svmolbc5yjxhk6zo9sa0guribymwf
730,7,8,967836171,3vqukg5uger2vk4mlqqhxwujjulsg2zodlervura28qu1m2pfxsnwivyz7sjv6lh
731,8,2,764523229,y6mpdnzhr79juk9k2w00a6nkyhb2suvs074tewnkrjz3hljgcbkd0je8fvffa528
732,10,3,952236581,rwxss61swaysuhlbzw2qkrg4ere0scqng3sjgoboc54qcfjbq8q4mklfshqyxf6g
733,1,5,123566495,w5xztrntw19la2aqecnhm9dtstud2va57s891cp0azudks9dr59k3ao6wao2lzaz
734,1,8,154448024,vds7lzj3o9ng28ybcstatzsp13rdzs8j8c8en19bteehu9qqufua2z5tb8bxtefe
735,2,6,415677269,zlwn2lsz8vic9fapd0h8an39x5bjy1p43a0gvpi8t67ltyxtvql6oa8acq0vwj7n
736,1,0,439587044,7gtg2j8nxoqcrg3ttvpbuhu56cr1otu8ay11jcvwhk3shfewmjmkxrhf08e2ygxa
737,2,9,315827796,p719qxzyl7v2bhsp4dpvq9355kk0i456832v6i2dq1kodzib4hla0585vt3v8vsp
738,10,3,951406785,x359q6cnsshrk8fuq0f0vqa73uc2c7mwt9en1uol64uo0krco5qligp7zjfhnpi8
739,10,5,707396123,fdaedak6ix2dp16o4o2fa31cpeymsrnw182goq476itp1k01d6x5znixpnz6ltal
740,3,2,417523719,c2teimv2lnekna5qt0d0ah63bhk36nm3tqr7chiu9mfm68d3w6k84223zozy1mbf
741,6,7,595073499,l8bj10omw5akk8alwuslifvgddc8cyf9mnunb44f306zg9tk7xectg5c49jvccjs
742,7,8,395037285,odffmzyt5ctxbay8u3idy0zp2jiixbc7o55bju68iv78imtcnacw5zjvf7m7zogj
743,4,0,580554973,8wd4a1o0ydgmovzcf3583vb1becp1bmmn779xlwbm2cfkv840b3n3qflm4lwnvju
744,6,0,938907635,8gzjhvam1zqtymp880ub5sam54cwrd5ajiljqbvnk0w91h5hppnk69dnf8xdvj96
745,3,5,193291076,sop12008u869hjxgzkw838bf5fqwwq0vim0577v103u61o172rrj0dtux1pyuc3s
746,1,3,249558153,de7108zc7cy9o3h9u0pasyyyukxxx1vsl3m3w8a7sc5rkksead1ygzeoruy9qrxd
747,2,6,911410221,sgy89pihej24t4njxq9bxztl9drtc5utnw00i7ltssu6eiomzsgwlgovysxz6llf
748,7,8,985830823,fz0sm458a716s095mbg0p6vr15eseiw8zkhvgbpjf5xxh3yr3q90btoxu21ymrax
749,4,6,974067054,0t855jcdge3eunx8kgarrwlj8bvww3xwao2q8019a36u2w4y07utwhmycrbyf7nf
750,5,3,688047466,x9qn8dw568mii7xr1qgc8kiwqw0z0l42iv78gruawninwpbu1btuho1nfbjruiug
751,7,5,282655451,vgyuj6dmk9bt32xdz829eqwp5ofzidmywvi9doysfwb0z473c0cct9wqpfvfqd7a
752,9,4,931836575,yosh608ptv9jop68jierdq1pp4bcikyreffehp1w84yuimflkkdxhbtjmkkvzwxi
753,10,8,832161463,5c6qcewer6eeqzknr7yhvj8reig596iuirqoesw8oh2fb53mp4fjhdkada75yse1
754,5,7,402832602,0xei7foxuepgcdsij8df083rz01y1p3wt3k8hck24g9cb3flelbqw3io49aqx9j9
755,7,0,471713273,hue3u2k250p6ltri65qo8hrz761kre6v0x196joeed89gv8z1f1ewc9qst7eeydj
756,9,9,501647481,u47mjjpeu532e8u3qd5329nuiz758hd3rqv615e9d4qxtxzrf6dl76c04lgl6ax4
757,4,5,159709285,7q39e95ht31fdooqudrvyhfa23lf3756t6z3cxjwiw275ephj5k34eff2q2qjjin
758,10,3,325427975,wkc84yej3leztn63czxpn7gqa05uht67xxlf2g5efpquabrrbk7ogteel8ruky9f
759,7,7,589769669,vic848gyjs8txlllpeob4c8zddk2zd51qrm7pbjt1dsz370r9wv1ax5h5rx9hc47
760,2,2,27455717,l2fjnkfrmoqtp423mjcpemgax2yaov72yrf146s1xpv7k48q7pj5i9st0t8s32de
761,9,7,894312084,pf0vf33pwivtnmegq1ma1dwk3wh8kcdk2gyj4c0mbgp2110antboiq2t7ng4w0ix
762,6,6,225679048,a21y93rx9ykdr9p6sh802xveelli70oexgbt4cusc0k482ak10y0amsego3a8jje
763,10,3,113264422,gvj18dp49r87xc19ih3jgf3cb03i44nwtpr32w1r1ajz8uhibabeqnx220jw41bo
764,7,0,480493757,bqx8zj45hy3e8zdhhkcv8ao95iu1pvn8qrtlu8ha3ozc5dl424t0qz6dpptzcdaz
765,10,3,413621700,4q3065db4yp4mkuh4yyj5jb5lc5jy4dx8wbdl7uell4erma06sotpo534my2lpm7
766,3,5,703881665,3p1eoxewcxi6f2zznja2ye5ekp8sg5bnym2itn9v49gys2bbxyifvhf5tcvswoqx
767,1,9,148114421,06q6l3ovgoo44emgem9djpjdsfegrmbgfxbsnxn0qhte2gqc4b9x5zz3fx5ugusb
768,3,5,358835718,ximrvo0vjnuma475vye3eh35inrp03to3fm57fwikq9maq3qp7149bjbi662r2no
769,5,0,866431986,etjqlrhxl8towvw9sj8i3fr13ieyqds6dhsva4tnotirmzohg3bf1iq3n76s2j4a
770,2,2,208404112,0nvvqndhtxbhu3hgkxj9ofhz6gqib67a5b7ptumjeoom705hwu3bkj9pyplf4qkj
771,9,9,736400789,ds26njuxnkymxgev033akeyi64jqytpbmywhr2ssx86tp3vm9wjbivehvg0bbqhp
772,6,2,673389095,c1m8t6g59vo24b5adsgaeapcjggxi26v6lihj8r09zqy0v047upd6ik0gwuom2cv
773,8,7,112318489,lawjougb3j1b3hb3c40z0bmulg03qy5nqw4nm62o5zf43crokcysj5mkpshdwjbx
774,7,8,168951831,oa1b0rtuqp2uelmh25t5inmbjsjw5nijed0pb51ujr0wkfnd77qzjs8sttc7po8t
775,8,7,665825030,d5vpawgs50xtgzkdct8haw8x07cpms6qnqeb4d564berkxk7ye7es8mncp9nt96o
776,1,8,912348130,e7ry3maow12isknr2ksgidnpor1tp29y24a3gulxdijg2pocker0fd2wke94krk2
777,10,1,446105179,wokq9ly2xm6bwvemjmet1t63alcnx0w78stv6xmf01a50staa0acbyost261w52c
778,7,9,228325233,9z9q926udw66gq0r1ezr7g2amgvcxpgige2lnhcf0e5kzf7p9eou5f0cd7z2snhj
779,3,9,871449034,7fmscir44escd99ows9qqqcrdw9wk8s384l8l05kf2fy7f4ra1mzu35mwfp94sij
780,4,7,317964306,ubyu5xtnlyvagp4gar6uhjqhkri782bk66pnv49zlqlg63skrgl0u6t3dji2kdf2
781,2,6,600025493,779553lk0yyra5d20fx09qwgx1pzj2vfavy8qef6reien8sqeagtg7cse9gsdnf0
782,1,2,118899930,6vdqy3mnymksvgzocdvjoy3jopr67hsa1xvxzkrnl9asgk9ps65uym3tix5qgm5i
783,5,4,146297555,2khsqgr3gfwdxtrcrnqv8k52rp71ujiuqt4ln75q7s0rvin883268akeveys9vst
784,8,4,713746619,nbgrvr68gr1nfy2rprdnuardvzy6cl73uo3lnaegjb0qwfxte2zzd4nbh0tev44h
785,1,0,512162328,az2gzwy9oktfi24397zsdhv4p0sm1rr8gjnhkff2ljsi22ep7w9ezr2x0q0gvpbp
786,3,8,553754842,9v6nlxc5dfxehka3zezayevz3g77mxjonhufaom27839sb7agi2d0c4l9oxatnoo
787,5,2,357266817,p7rzqntmbc3yb4w4ym1sarwbbj2c34emfcrgpgacbp8h6687myjolii7ybzachq2
788,4,1,577175654,28qz00rcedhlxv7suxdmf27saqz5tpcvvqaqzju8jpj5iw8p9knmohueaio23214
789,4,7,432278926,jzu4pm8hweyqwyx7tpt0pe0poe93qecjzwrt5stnur49759riawopwlyuq4jf104
790,7,2,241336607,muzyxkkv4vwent3sx4hi1zll8uwzw6uu8to7mxzvsvh1ubquhl29kfpv82d6ljd3
791,4,3,113964185,0pzy5n9gctlar9svc8lwhgd0ef7fpbju24ddguykcfe1vzut3kn6hf8ry0rt6btq
792,3,8,224478920,wboh0su8tc761seurhjcau24swbfz24smjb0t0a3jqmr0fmawxty12nkh646svl3
793,2,8,919128266,ly6v21c65hadkts48tez4yeaak1rorws0tpyo9p5gui4nxgsv45hxqewjuzt96ja
794,8,9,41441024,52tqow63tjw6a94iek3137q7h98f4sxac7vt9ehqzx596r0ux7y22euzzszacntw
795,1,5,21863651,m7izrkvtaymrcitvtu3dqttzp1hq7o46kh4uxjn8mo0dr8u79uw58c2997xz3a7j
796,2,7,790627918,qu3hphg5lojkgnj3j0tkdi46j1z1i2nrsh6w4x6pftxd8ofa3uhjswuv35jccbh8
797,4,2,115966390,r9jrxee27m254128h2su9j5h426wkpmc11cqgxzvptgudtmh1osle85yup3v2rmf
798,9,7,324884142,081o61qh0n3mfo2d2brs37dgy63wxmo24wp66bmf9lev3or3cn7c9nxo7buszg8f
799,1,4,520664704,tuwd7fgsvss7n02w29q6glzm0rm01srif6lwjfozsbwct65djf0ntwfw1bi0wxoi
800,10,7,944277995,w0oagq4uqn9lttdyxmvaqvmnakldvmtahkdv0iib1v15pcm5nnuw64q26f57glyk
801,7,5,492024510,4d66wysmsuvizcox2dri4mphnto1h05zqoy8e7xeuah3vwdfbhcl2hrvb6r0t61r
802,4,5,489703712,6wrrgcfmxa5eno0ea1lyd97ajvfynbira6s96ora9b975riibn07feyljcqwye9h
803,7,4,275014425,5h10as29fix77fhbgg9jduuvlu2fn57s9v4nws9ji5yoi8lwmtvf7kpd86shma2t
804,5,9,937316036,rxxe06mnq49o8tciv0kv95zugmo70n9ri64t1o2b9odgwdwvg0ooy1m8yyfkozuw
805,7,5,318353163,oww1xokw238ebp0wo6iy2mf85xxvmq4v9k1mdfgbza4t8lhxdqi99su60l0pwcfc
806,1,7,514951743,sehlo4esugbrqbomkseron2si2j4oyw9ep2doonh61brrzte3k28qruy7jgvy3tj
807,2,9,999707941,4znty01azj47pe7tyah6iifushesmqx0926attx3wgmdbs1j28hvn2h5v83kxc8p
808,9,4,196044818,swszb615hhlnac23m21ivtem2q4rcp2921umek9n7fid7b7pgdy9qkdkd9dstc2g
809,1,5,285840942,csojofwikxj9642glcpyra6k784ovxnb0ed4o3ak2qtkyonvsqfm9bqf8qj6tste
810,10,8,767046891,h26280zs8of7ojj7ragau5orkqdmfyrby8gg725swak16zkxxhhwyl3jvexcgdv2
811,6,1,933266483,3jojdruiu7f1d6u1wovr2cdf1zz9tttqhy4wuq3msh2f2njpxzy20lnxegfqmj3l
812,7,7,475883044,9s6n9pgi80m4vqanbikpc43og4ns0d73davfyuk2rrc4ltzi7n6fnkoaar89bfl5
813,1,9,885098421,kjhqp6qwtaqqjpvmt9oqt2zkx79nifu320z3ue489hwdqgaqhsl6f9zpjwr2od4u
814,2,7,334315929,x787kb2b1iiisds40cszhirrxag6196ae75e23p88h28w9iqpws1n8d6as5l2xa4
815,7,2,701475658,s9i0lit1bwqoonkt9mj5qhxfu2ejc6t0jymrfn4ed7nvq5pooz2rscnr5hl8emg1
816,2,9,759079876,ygltyjhaaodldex0713swxy9sq42hhsr29gnbxr83d5nmm53244rrphu94knonjr
817,6,0,610427196,jxjmegw184u9tiatq6hd1yb1g4xmrq2r31o10fkmvpdna04j1ywa00ovz2ebd799
818,8,7,628414124,sden57bigade9m8ejz6ybpq6vz2ti9xmmu28vrwg2atbua2ixhnq4wy0mm2qykis
819,10,7,720639769,9519x82bjj8m3sjj90rw7zcp5g7m2f2iauiozxoidxwugkkc0bh64temmmilt5a1
820,7,0,503222197,1667w36bw1e57gbvr1b2wwp7o40snc2xgpjiwb38a2uva43ksv559q2frrjyfa3v
821,10,4,613585870,khb37joujqp78fcdpzsg4qhemp89uv0ezvxq7hmoff3l6fypbtfb9p4x2wof6n2k
822,9,4,834652671,szprojk067hfqcuqdjlhms2qt2ykj8ccppvjt71wjtcnub2gxzakuopt79z97tkn
823,1,9,243884891,1k05wil29zvn7z2ctl5trjgpskbv4pd40klmpprc2fti9nbe7djy9mi62fzn73u7
824,4,1,532482564,zg1fyvwtbuejvd799ywt4lpbs6kgw8s8wdh82qmpj5m16f7vlneuptkx1pn8zecv
825,8,2,572917195,vci4t30r7qb24ot4q4jvgpds0gq9stprl0uth47g8r2mv8klskc9092jyucywaoy
826,8,7,704065421,z95fg4e7fy22sf7gxa9wesgofjk9o4x2jjvxehi94i0ueg4msz0x4xkgfj5sy2hg
827,9,7,423860732,wuv458sp80thqjhnds8207m9a3z440239miubsk9mbr601y4rm73rb57xlyz29o8
828,1,5,79004629,mkbs4kk2zpef7cldun3m8c0s0ldpeflce8cx487qd5njrgdtlg1rgfvjrdzun528
829,10,9,640439481,o4l2wb913o64wbd7z3wpglg1u7jczx6jogxy7sngndq4ywkg3i5saqczcyr20xpu
830,2,0,669753776,v81sy6pwhb2k552hoxataounimubdmoj9kn6g54igqwf03mmqo543e5ucvmn6oa1
831,9,1,7487033,93hpwki9ovbdph2hkxxzfjoh21ow9ceyoe98flqnbcwjqt5gaffz0kxe932tt9cd
832,7,5,361853673,p5asyoqcon0yk4ns6v3805f30anobxjv9mfi8w40p5yb7nfhuddj6z0sxs3h9vos
833,1,2,430790436,6w7pevq1o4h61i0mam74htr6npe806genf37am8e0exdt65tmae4yfbwrdnbdvrh
834,5,7,967192501,nhoe0c5ynpmwz5yddkb2jq2p1gtz22l9pipwhjnls7sxxiykf4q6sle0e66t1p05
835,3,5,511385876,oqmtkk1j7ho95nvinsv1x2nsphu6xynnwdbag450bkujncqmcejetbxw9hxwmaqm
836,5,9,196781900,2tfx2wico3d1aa6evs8bcbgx0q9rp1p5g5r6jh66dvx6wli8gf4y0nw99to0qhb4
837,7,1,854596718,ih2vtuyuhcok7h69vl4y53jid0teldlo8gfkjy06zturw3hihcz4tbrk4gk8ws94
838,3,2,577471363,45x3m5jqkmrwzxwi9ns0ylgmd6hfjunyrpiqtvkyo1v4yambidxqrrcgrohc7y17
839,9,1,244704412,krcuepf7rd2rlltml20k8vsoq9rozmi8em0oa11t67991z9uavk8i4p67zq49i7b
840,4,1,68510153,7v4hkj8ubydvhhlswkbn3hel9aqpgt55qjiu322jsg1g58kf52xj31bofo5o9hxe
841,2,8,819634656,fsorao87xzwwpqm0hsk7qkx8whld2ggle8cqs5wzutyyjgzd0wb5fj359an3549x
842,3,6,571548233,8idpc1iet3oi4w2pv4tsj1wm68jmdkj445yphvfb67ot45ycr6hiq72vvj1bw0ad
843,6,1,423039460,4dgavpv0mb2rqq44kbsllri9wuxlzkvcoom8nsm6x3xqo24hyhwshi739bsm8pl9
844,2,2,300714990,glm5upzdkgdvft58r0yve9owmv1tberb0a076l39c7be84nga7vwhnfjkysyq3tn
845,5,9,185720369,tqdl0e1m5mqjgbrp2k602tmc3mmd8fzwubepqk0wkicjgj0kpnso6e4bwku612ir
846,1,1,367878254,1tzq5ipdb7wb45lx1yuun8hpkz9osjt4y5z03kjtfyx935u62a92dtten5tpt4f5
847,8,3,310122974,tlfmtjibi6sp95o8ikvy9puuxbwoq0onk20xzlla900jme4k582wv9c47wyluo3f
848,10,4,642905790,cl1molppgln482778mb0cqu5fxd39kg23mkqjror9xsc98tai4fqjqo88yemzk0r
849,7,6,917204472,6nnji2q2yi4pcygptq67tkq3uw5twnoyfdlczexqflwm4vdup7dze11ombxi1llh
850,10,2,68434039,q8ga80prsfgt9nss8kl1ijqp0e4y815tx98p2cht57ypk0g5v5agwlnr9gkxx2oq
851,6,0,890051322,8my0xtsutfd5qj4u9kqr16mslf5x4ssuu5nvh73zbp2a6s9xty24zuah3i1vwoam
852,4,4,620525395,7i8r020zdu0oantlox0psjvxs5a787np7olbpmwb6gm8csf46w33ui8ftkwbbtvt
853,2,4,927580420,pwvz97930mxwz63tn2svhhm3ge2dac86afp90gmixa1fpjw6exv2qpku457q28ol
854,3,2,871538953,f9ktids0vmh1hhmwyqavt1w22d4azfi5pxm66q0shcy6vjl3lwgp43rk1z6bt4qf
855,9,1,641207475,i36vglrhrllb5jrd6y4lqdbpuueuhbom5olge6gsygz46f734pg7id1a2jonrbar
856,2,5,589258928,ps39m1kvyw50skflnilbbry4lczlji88n74g5csi9n7s248wtitcit9b8a8w07yi
857,6,2,836990257,p3w2ohyewyykqh90yc1l56ikykt2d0nhrm8iiw37da1bd8q3ylru5ryjh3zrm84y
858,9,3,642903109,je6668yma7pmvdt5fh9ic570917x44nrsecg1xsf9psb2lqzd6unw1kqki8riwue
859,5,1,958592697,s7dz32j0lb9ikxp6w97u8x68vuokyt8tcydkunaaxoga6url80269uy8pdzsq93m
860,2,3,149674523,v0wnzxt81yvhns6wrvz4nn1l5rg3smr4p4qi9imvlhich1p2wk6ugcwkf5nu5835
861,3,1,733637186,z2au31mccecygovcfdod4xbfawnlme3d8w7urshep73zlpez849z02da301rbnmc
862,7,9,556539172,2kegrvaqbkfvywzde96euy91uzzxqlpo8ffmk7h950xzdm1mhscz42ubzgmaxlof
863,1,9,266988996,jpoh0q39yve7irte7d43sm9gqnuiri6ebx2t0esxpzdx84r6i5ylwenqjvvzqfoe
864,2,1,881913033,m4av478ua7aon2vmf7pvctqxkib2p8mofm23uhhnx7axfyog9iha22e69s12yup7
865,7,8,642374487,hgjbticpa6zirdpylqwmu2pp9mu7lfp48g99nlchh1oozwsia11yszl7zohfuyw9
866,6,0,316613360,jtg6u8ojf33jdlqq9jrffq0tdvoyqh0ftz08aq0bzesqm0uuse37c703bz104hl2
867,5,8,203412370,u9wi2799s8hrjmkqlx00q8johqnce2ker7ajzicpx8ciarpxdg1zb7slpva9yjmf
868,3,5,339327862,2b0ag4q9s73epho3jw8irymdqmjr5d56pgc53lbl72t4vfbz98jg14hglbc9dfrv
869,4,3,585106309,kspgrwb5f9138x4pl4k0lmp8avzn6r7b1qtzfqjwiu27lfidt2x1atcia15ckzug
870,4,7,68590080,nma80u0hqscriy7b866zt7yc6knrr4nezow4mly4eqb9hf5ywwwrl5an3i256jhn
871,3,6,262722084,1um6nma8nqyrnxc6zfh6yme2oaeb3gmcg3uj5v95vp91y334bet93wd03wcjw23m
872,7,8,709291946,lj2skjqkiqxm8r6bt9cek3vafmasvmszxy2s1sm8l843f2ykctaoi33vujleg7tm
873,9,9,145948537,emh6atttwztzq5gbg8u7t605eas3ejhmh0dn57erzfjz38469avj815lo5iaxvkh
874,9,2,582850849,bk1t3tl3bpymed7awrdwagfah7y6wvhyhd50yvdezqgxc906xsl1gaf7pqth1ahs
875,10,9,214505165,hf13f5sc9zhunn6rcrhqxz78b9f6azexgcird4psvugr8sq0vao0mziq7byefuif
876,7,8,940365240,djr8azylh6hmilqyrhx3dqendow96wkzlwyfb5pxn2fa6jce5wzo33wlztnvhtrw
877,10,1,259377242,rk90hglskqd1g6fwe7q2za3tzecd804xpi51ae670ftmvz4i8tkfml52vafelsqg
878,2,2,695869266,0ajm5mu2rjfmzfq6ayw5596hyoqnxvzde7xg6n136q4ltojw0nl8p7tmq4obpm2w
879,7,0,424089117,l4rkr5p2oq953cagi1q4k7f9ajuz5wwnqgil395haz7dm7dwrkyd7vr345mx4nnx
880,8,3,50298560,u4jyarhhvlo9jl52j21h30v4etbjpvy2wqs1sk9o116e4fcz1dhw2g7h5vm6xidi
881,2,4,948539646,wxh1e9p2lq98prj6opkqm0eg2z82fs662bngl6uohjya4awtu4yrpz02ivztshqn
882,10,3,729241884,k7kabcr6jojjip8k7nilvly5rcgmzh9upegd0wooxb8epthev1rfb2h0ev0pvw4x
883,1,5,475189152,rkzdexp9kqu9dskvjf0i9zama9c9q6jmewjvcflx45ff506rrezm4yqb98ha1411
884,7,9,941373124,cjt3df744gxcf9cntj00betgemcersbx2h8y8m40grvgnu6btxj3uvw4t4nzw3ol
885,8,9,595578107,x0ukxeaypviu1t2shfz8snjfpfufm1wq7824x4gaxdta8cr5ptbvqxwysbvlryc4
886,6,9,700470184,sn9g0vxmta1kv16zljzw3mr803h4kkxe3x4zz6sx3fiyzfkhhi4vupgilrwznrxg
887,5,8,327566938,qxjfgxn1idiptwk3g46pt0tdn3k2npw64in145ssw88fesb92751wkbmb67cld4s
888,1,1,531002601,walqbny65gbfbpyzx1xnzc1hg2g99jfutzq6rz4c1go5hj29ss0r0upnunoy99ao
889,2,2,571449525,3n7a8aa7shi9ds9a2jmsd213mwz2d5a1p6wb72u2feocpont0zo7grwmnjrps97f
890,1,5,543893217,kazyigbpsuadlx7dhx3heb620qswfs7lpn2r89qpnw5q80dlwjen11w0xhfzt53c
891,4,6,554969467,k5rdasx5jt0d298s6ukbemss2xhpgx9xv3znlenw2q9k6chp3mwrh9s7nsi3wkqg
892,1,4,845555177,c818z0qasr9h8o9tpgqg7l1sm9awxatrmhphvigir11d8gx1jfcir24wmkbgvq1d
893,2,5,815071360,i9lcyy0xi61hrzt19dtmosalkdm6zyq1cnd7suhcgn4g8v933hk1dntq2snrr8um
894,3,6,707439783,l3egdtnccxarivgb0oedln085qgkx0t6ynty0q6ahqircya1tpak308ysw49cpyv
895,5,5,604037986,aqan9xepx7fa8nro4l31r4lt8rz7gtatltg4afkd01qlek0rc7o8ipt7ag8jlo4h
896,1,1,597661345,w1cnnebl5teh5626nswx0upvqtesz04qhfetovjyyr9vq0329vtv25ycjlgyfzi4
897,4,0,51247057,0x3ujynhhyu016t5s6i6n3q6tsrsjq2o6t6ab0ps8vgc88xpgn5hmnc9oxbw1boe
898,3,8,910917696,r7yyia09114aurlcexm96miorttttzikx6yatl3bv5x38ua7sqc2v52s2s2qg35j
899,1,7,924179814,zt6s1t0kg44fc4aprzi4fi173c6n18vkxy1uztc18crxvvo3sjxzpv1hi2xzn12d
900,10,5,565409710,wi97y5p0hmbuggvd6686tdathdq8pyplg1zurub5liudnpp1l2er1m6lgcdgb4q4
901,5,1,649916485,gmtm4cstl9w0v5hw6izk6qtowb1k75b4izymcxevasqi05f5hk2cjmxhz1p0uoq0
902,10,2,506927318,repsbitum95es4vmank32rfx94io9z9vb6htj0qk8gv0rfvxzxj930g28bwlaqav
903,10,5,371549167,ezr4pm8q8g7hrezyn6t8oibzz0dly1iy3omxkfu62hqptias6of8agot7kebpyqc
904,1,8,356460671,ea64uk7yasmqti5oc63po98kkr16oixlbmux904q8ehb9g0lu1cs7ptdfyb5dvq6
905,10,1,932409989,b3v3n8pp3mh4mxocp2jk83pc2xnh65xci1sp0y8otvezj41cm2ev2hpf0idr8c5q
906,6,4,293663993,aoloi6j8g4cmw7cdhm02r1x98qvpr9yu5dt6avixgge08hy0zg8i1ubw5ghlq1ag
907,6,9,761690501,7dgkgvcvhnsh27op1pxraaeqjwmcf1dngyot50ch7ly4wsa19h6rngq7j3rd58up
908,1,1,953624038,2suxte6a8qt44qaqbgspf6mrli5x8tkdj4of24huvnqqi3fijgmktkc3v4ytsjfg
909,3,0,661766253,1uwytzd94zfplhbyoa0yori60hlhq3v5ve3rl4mzqjmam9tljs4vau08yty74wd3
910,1,6,469752935,ggvgur7o98aavolvs3huicqcdxo3yugx7xyxxtc54xe0ev21tn06lkcnv583cqvl
911,10,8,452769016,ets96fgsch81x28o392lmn51dfc36sp2q2v2dhj9g5wse0t1pt23frm4nggd3ux3
912,3,0,331644674,sektijj3yjzx39r9l1q48qlqjtxxjgjdbh41askldjzy9x9at0ph4gm7qcxb9ad6
913,6,8,704102085,6vm9f53jwgw5guvmp6jgedqaau8jio84xcs3c3jl34wsurmf2dg0cxf5rkpgjtt2
914,10,0,891701972,e4u0sshbjasg76kxuaaxaf36edpufr2jh49h2pp275dnzsctr1a2chyboe87o9qw
915,10,3,668209961,u668x7tuoe2hay3pkelk72ntbs6nqvfz5u0e8tjbbd00jza9bv696m26zksuwrbo
916,5,9,944107720,5io67hbfrud2teg19pvoir990ypyetxsde34eptvlq0arfp9n0at3gk29tmquzrz
917,2,0,821933559,8rslfru40b39opvqmwbo84wwgm5jv0laixs9s5vxrfxwy9mf6dqbbl0480h48s8j
918,5,9,915440668,0g0ldzn451he7xds231vigao27sslwc2rk7eh61ivhsahuuea7hj9xq7u25drizm
919,10,3,983803290,mbnbajyn20mguynyyyg7vqhvmm86ui55tyqsszbx3vb1thhe2ylzw4g2c6g0goy3
920,9,9,623893953,2st5rwlh8gv3mlwirynvqdqsvogca45n5pe3q2dkbwvztqsdhdj5izsh1uwvk7hq
921,6,2,502545550,ij27g7vkz57l843ool31blclntysh3kcl43nlfst3672cm5ujkub1tcl7gbyc3v9
922,7,2,810653968,qpicbplalswcuf263hn9rqabn2m00dgq50m0ixayr9xomhb48caw1gaj7b0tr5or
923,1,4,915156162,wcbeujah5hg0hbn4jkvx9i1xkn9edsh02oxcrwwdi6xpg74gw2uzpqfdxcs60iw9
924,1,5,272657406,gnyh7fpf7yaj9hatg26509faqt60daryinrgphgzz445fcps2surwfjo98iqriaq
925,7,5,203228200,jx8xjhxiwckh6f5whknw7e9n8birh6clos4a4psk49384y84wsq7t501pescp0cj
926,6,1,798005956,ivfvv1ilfvw1kqoioq5idrta8u47o5rgzfps0exn0n7cu5ojexnrg4hrcci8u4l1
927,7,1,571570081,rd8szdw636g8q550n8i1ttxqpipvbdrb5mu3j9asf7w21zmwtecime1l1elginc4
928,9,8,395967910,f9tury7ojg8z0iuzr6x5p78ctf806ql99ldavtgx9j60jfc8sd26r5ooafc374v8
929,7,0,100727574,ldr2tr38w0qax6lb2jkgb21tr6kkb6a3gjd07c5h0ftnp7d6ybic3i9ii0l3jyg2
930,6,5,515064342,9pcau8s0ov25tc6wp59yohgvcjnwjbd59orgcd1rap0xm9megpeyrqygv3w3kao7
931,1,2,275813852,v0q0jrzuellpe51h7esgaraz57gh85berbozxpwoxgvtjqllx6a7c7504tb09e1t
932,7,1,497431861,pecu8adf7t57jus5ndnrshx7wwsvp4ubp6y6dcrm3rp1reu4achwry89riyi369g
933,8,0,95184656,cmaeeauf7vwcosr4uqx65a0pgycdscw0g9vbpt7uhtutx5qrkk843962nx0ctsz7
934,1,5,848994167,f52f8ft2h0jn5m7q32zcn9a14fcc33bsdr2homkfd9k9kqxrik92xottjxxj9m68
935,5,9,280549656,ldjo3bebut9ji9ex5nfx4zm0579wsha0n8608hau0w19l8nvgc030qk0sa6y69ei
936,1,3,340526310,vheozuqksbytwjy6452848m1h3k5qd34ib76n63u3eofp7nb0pqnw28w1wvweuxl
937,4,9,675253778,osuxlcg833acv0h2m0xo2bjyi6d231mey06bcd7n2ndaj5o8inqdi7h3tr5rw171
938,8,4,665499263,1wtvqm70gt1y1fmrl0lu7rb93s6bu5znrnqvpzc6ltyonu5i4jebwl1u72zdf0dc
939,7,4,242408160,bqjq23cmw6fvv46ojhmokaqd16bd0c9qibux4zvrmoge86jbkvtng20erv6kca9n
940,2,6,700988903,3tays6nfb4gtme8795esq3n7ku0gn8sjxtw56uipw60qn4v91ng6g76be3g6hha0
941,10,0,573881305,2352t69pogqdy5de55m90nbdg0k4hwzai82qdiobhsai1j9f132l2t2goc3u6hom
942,1,1,837552793,gi8eoz7tjaua9dsvlasa54363fezosh61qzxaobvr21rc7drjhio672l5qx3z668
943,5,2,590896643,1095e28qot2iha7ehxo4aekyh7ltfzl8n9o8fyn40dvoj0bofu7e97rll4idzpw7
944,3,6,921678199,b7ufyq9bv4cvw3i5l5cchqydk55uliejy03p5jb13jjz200otcf976tx960par9y
945,9,4,696542288,atax80g7avj42c9onml8hmvs1l38d7ww124vi3b6qsc832ccccplzq1t4yyvhzu5
946,7,5,205876040,awkemrtfcof0oach3v2w4bm0pj5v59uebnsglh0c28kfu7ic31f2jng7bc3xr3qi
947,4,6,379315288,r7uvcp6yhh112damfa1xok6llwqfse7n6xcqtxquhyieb750cq8fatetvt6te6cg
948,9,0,364959840,c4hfqf9shkxhtmkbzrfwefgygx4kqnenwzowjd3is7koaoc7l98r3lomb4s2dqbc
949,7,5,176163303,aagxec6yxkuco3fv55v3hck1t9aptn7k1npkgh0tl53mpyc98110gfzv0as0sqwo
950,8,5,550565182,xj4tbmlhd21r2vy8ovd5dyk8mxlntwisjgqyr6kulywlic0plmhvnq1x42z4b1yr
951,8,7,542805790,gcxa9fhatq2uiarc4uj4q6zx7unrqa4ybeufiza07ua60v8ilza0ooxcodfbj2i0
952,8,6,28435558,z3k6irn65hkwn26hfutreekutojd7ts3na1hzkocajj0ewkzpifnyshnlih0moez
953,5,3,276703687,ctsrl5qsy23t4xg5wr93ur06tqqns9r5mifgy6gxlcu6in46z1royonfxlikhv5r
954,8,5,557145261,rs4h58a28e1r4bh2tbeet3hbst87fv2glbrzd88x9oq78wm2h1tu5082mzjyp1wy
955,9,7,66936359,6r8hr3cwuy8gf3pmxycl61lkhxxbrd4wf2g7ua3afsj9oqb8qacf83i5spl9zm0m
956,3,6,992529144,wkabdail14jx52ak4ao3wjkdb2r7s9iwkqpu9r84k9y9skecpete600du9to628c
957,2,8,271070668,8zlki7a90hh1xyrjl9y2q6vg5xy5heaxbgcamej0ynnzq94sij9ufvzqe4r15rs8
958,6,2,70834947,m13isd38ej4gzk6n4c79bjnqnbe5j2a4ejd376oh6nyk7qnhn6czusyxjwduahci
959,6,2,842448459,nw24mgh8uzhkls4t2663ewn3ym1wuxanmxbqsoq7rfo6f0xij6miwy5d0llfgjkz
960,8,4,862523301,offgquzghznvpdpdguzs2whf3fl1uw6g0wrjszqrw35g3fz9s60vnznqfqma13zm
961,2,8,642921590,dffryfzk9dxk15gzr4uh2futfzibq28fxykjp06v8gv0nppuanuyf7e6kh0zre0j
962,8,6,406198310,dxqnu7927e2dg70cgisry6896z72csy2lmdotusrapn33gs3w1w4cie3jdaxnn6v
963,10,7,742711387,sye33pj9e7q3ow7pesmbgevzkzes7fo3sh7bb2q8kaw38em2xbsih2cln1gw66u6
964,3,5,79693290,k0xqu578hb1yimh88wm4ndl3wpl6dagegy73tx410yzw8x029hlyz247jytopbpt
965,9,8,379574392,wc2jo15yrmt0dr6h0rbddjuhckm7tn3nz6w9urx9coqhsnuc8755885i6g3ucyqm
966,1,7,816027289,23qbimfhgb4kbi7zrrvsdk6rdlu9hlhw52azncs04rmgy2fnfirh9nr3gl5yk5fp
967,7,9,27765925,nhfao6bqkuh1gp9slun8ndz7osq1mz3za200z1bt8i0fpddn1hni2sy39lp33o1g
968,4,9,806525092,vpwqtel1cx1t74u56tth6c2r8eqrg5azevttocj9or5lfef42c1ra61e38ao9kit
969,6,3,594964163,wh0u1mj0sd3b6glylrwc2jm0jzegmsu3yqowoe0606mctj9bd5miey7f8abmx25e
970,8,6,511766098,hmbfbdcfmp9i91m39ikrpgh3xg1odwjhc7fizu0c784btbjnz90ymbyghhzxkkga
971,6,0,181982862,rtom0o8g8u5ozh9j8qh1xe5t9aiimsvokrrr3a1dtoe66qwfeh23ytsd1ayyqtc0
972,7,5,429764908,btzmdmvnoicb3eia0dcepmj25wxojb3k3qefre0hv1di09oy2bdjbjq05q1naq29
973,8,9,36435568,dpdmvngl3kw9r3ybyedtra6j8i4uyfypeze2d3urb5rblvo23afg3x9x4sjsqk8y
974,3,5,61819391,7hxczp10npvm6dxore7z0wfnikueyww1c5dfkyrgrhknjfy6q0uwmdu9p91o7kn1
975,4,2,537781051,urfk3odaan02gztz6zv89nz9zns4cfyvbn3x0at99gw94q6yf7p0ijxltmwnfh9t
976,7,8,453270827,cv0t80g9c566dw18ou0d9w0ts2wguepysng4mlw2f97zhpkxpfkl9bxbi809mpim
977,2,8,812691704,hw8cxm25yz3rp8qis2g9caj86haz0qsw85hs96tmo5536q0axp2ehh865sfwfpvk
978,5,8,238004738,o5ab1na1d23zqim9k0f01mxvptrt51hc69tyoc3nqsjg3p18wyay5hu4nwhyf1ce
979,8,9,547070488,zjummqoov9kgogqzua4kyz3opmyn571u7xdu5bxo9lhgd20jlr2fkz3hin2b7th0
980,3,9,145899011,m68cmeigcfdd4cy13dk2f6hlspj71ggp9o7te3p2xcnoy3s3w403tahe1oesgmxr
981,5,9,262134874,l5mdnyw1a4tvaip1zrr273k8vd5futqj7x109myypdgrsy04fohs6eodr0m1im4z
982,7,1,875688000,m1mna05ssc7tzem3dgzpa10e2sh32mhueq7a7cqjqtv6q3ugehu9omqktjao4kms
983,9,1,712697220,dllyzplrbgr2orhl5hd1825kp503y2smqrqukyb48j9k632vxdhu02yd9fy43wox
984,7,9,88493044,0mms1u9uw9pvxinfj20avjjwndt2mp69nddp25vigo6vms3txlrs2sb89z38o0vt
985,3,9,690937791,drz3zpg2sv2i05ce18046wcfn7cz9yw61b1c5ffci592cixvxcdpx467ke7slt2d
986,6,3,920736151,dj5tv8hiig7c97xl443mbkycv8jc2xzde0jhlz0i6dp15qktg4i8ssfjmbm9qtk8
987,4,0,863646113,8qqk8p1vgdit2i0bs7rpi8udeep1mk7wev413s9x1h8apuvslnjxwrzg4qzg9px1
988,8,0,921122205,0fi8jaqlr8gwpk4hj2rbl52j9po0007dcffr1l3zpj3hyoz6mvbkdl69z8lr2zid
989,2,7,526044134,a9r8up3c0j6emdarpt2dzml4i28pmue8ndr3goqodm6nwkihjms7sjym3mlgticv
990,10,5,311662845,hjojskwrle3txrgxoxf51dhk1j4h9em5kzgq31nhohuygpj48275rk3euopq1bte
991,6,8,509942278,q9ry2ufchncrfkfpy0caqxonn71d9bdrpfij5l9rjyki4v1baijzgzxyn7cz75da
992,6,0,509488516,c27z2lvsko11b6248a48ud6oahk3sa5zpqrzcej6kbv0c76qniopq3wc577osqfs
993,2,8,812443389,gjlw6ab3fprfj1a55r8t57rtcsy2zz9o1gcnwei7p4khq0rcr5ik8019pp48qn8y
994,7,8,356311670,lw6eov10lhrih6g1bcn0ex8f0wi2kdlowbivjbov2h81bctm5dmjmgr4ik6wufl3
995,10,8,555987168,o5gdhs9rxcp0ajeox54a00lrxxq15wi4g37ee2mnsqmtg94uov0ok7nsnza0rs26
996,9,1,961314076,jaero1yyhzmxe0taw1lly1un74ruucmcbg6mqi8x42h55tzway6f8bzpjtf910xp
997,9,8,697991464,7qg26y73x29xrbtiusck4chi1ln7l53tde3kyt9t5dnrdp75fyf92pq6v932q1m8
998,7,6,122628334,mo71yn8miepq0azjswxcnb8fl7jiyhx2oyxyju362hsbxr23vyi9myamdzswg2tv
999,8,8,637762827,1yin4aj9ykimbc5pp2xy5uryjl7pb2445m7xtfiwwb3fq0uaqqzfxfdhg4dwaqq6
